,Country,Happiness Rank,Happiness Score,Economy (GDP per Capita),Family (Social Support),Health (Life Expectancy),Freedom,Trust (Government Corruption),Generosity,Year,Region
0,Afghanistan,153,3.575,0.31982,0.30285,0.30335,0.23414,0.09719,0.3651,2015,Asia
1,Afghanistan,154,3.36,0.38227,0.11037,0.17344,0.1643,0.07112,0.31268,2016,Asia
2,Afghanistan,141,3.79399991,0.401477218,0.581543326,0.180746779,0.10617952,0.06115783,0.311870933,2017,Asia
3,Afghanistan,145,3.632,0.332,0.537,0.255,0.085,0.036,0.191,2018,Asia
4,Afghanistan,154,3.203,0.35,0.517,0.361,0.0,0.025,0.158,2019,Asia
5,Afghanistan,153,2.566900015,0.30070585,0.356433839,0.266051531,0.0,0.001225785,0.135234714,2020,Asia
6,Afghanistan,149,2.523,0.37,0.0,0.126,0.0,0.01,0.122,2021,Asia
7,Albania,95,4.959,0.87867,0.80434,0.81325,0.35733,0.06413,0.14272,2015,Europe
8,Albania,109,4.655,0.9553,0.50163,0.73007,0.31866,0.05301,0.1684,2016,Europe
9,Albania,109,4.644000053,0.996192753,0.803685248,0.731159747,0.381498635,0.039864216,0.201312944,2017,Europe
10,Albania,112,4.586,0.916,0.817,0.79,0.419,0.032,0.149,2018,Europe
11,Albania,107,4.719,0.947,0.848,0.874,0.383,0.027,0.178,2019,Europe
12,Albania,105,4.882699966,0.906653047,0.830483913,0.846329629,0.461945891,0.025361285,0.171027765,2020,Europe
13,Albania,93,5.117,1.008,0.529,0.646,0.491,0.024,0.168,2021,Europe
14,Algeria,68,5.605,0.93929,1.07772,0.61766,0.28579,0.17383,0.07822,2015,Africa
15,Algeria,38,6.355,1.05266,0.83309,0.61804,0.21006,0.16157,0.07044,2016,Africa
16,Algeria,53,5.872000217,1.091864467,1.146217465,0.617584646,0.233335808,0.14609611,0.069436647,2017,Africa
17,Algeria,84,5.295,0.979,1.154,0.687,0.077,0.135,0.055,2018,Africa
18,Algeria,88,5.211,1.002,1.16,0.785,0.086,0.114,0.073,2019,Africa
19,Algeria,100,5.005099773,0.943856001,1.143003583,0.745418549,0.083943799,0.129190654,0.118915014,2020,Africa
20,Algeria,109,4.887,0.946,0.765,0.552,0.119,0.12,0.144,2021,Africa
21,Angola,137,4.033,0.75778,0.8604,0.16683,0.10384,0.07122,0.12344,2015,Africa
22,Angola,141,3.866,0.84731,0.66366,0.04991,0.00589,0.08434,0.12071,2016,Africa
23,Angola,140,3.795000076,0.85842818,1.10441196,0.049868666,0.0,0.069720335,0.09792649,2017,Africa
24,Angola,142,3.795,0.73,1.125,0.269,0.0,0.061,0.079,2018,Africa
25,Argentina,30,6.574,1.05351,1.24823,0.78723,0.44974,0.08484,0.11451,2015,South America
26,Argentina,26,6.65,1.15137,1.06612,0.69711,0.42284,0.07296,0.10989,2016,South America
27,Argentina,24,6.598999977,1.185295463,1.440451145,0.695137084,0.494519204,0.059739888,0.109457061,2017,South America
28,Argentina,29,6.388,1.073,1.468,0.744,0.57,0.054,0.062,2018,South America
29,Argentina,47,6.086,1.092,1.432,0.881,0.471,0.05,0.066,2019,South America
30,Argentina,55,5.974699974,1.028465629,1.372543693,0.849773705,0.520840347,0.060415059,0.070100471,2020,South America
31,Argentina,57,5.929,1.162,0.98,0.646,0.544,0.067,0.069,2021,South America
32,Armenia,127,4.35,0.76821,0.77711,0.7299,0.19847,0.039,0.07855,2015,Europe
33,Armenia,121,4.36,0.86086,0.62477,0.64083,0.14037,0.03616,0.07793,2016,Europe
34,Armenia,121,4.375999928,0.900596738,1.007483721,0.637524426,0.198303267,0.026674422,0.083488092,2017,Europe
35,Armenia,129,4.321,0.816,0.99,0.666,0.26,0.028,0.077,2018,Europe
36,Armenia,116,4.559,0.85,1.055,0.815,0.283,0.064,0.095,2019,Europe
37,Armenia,116,4.676799774,0.808262408,1.034576893,0.77585727,0.378075808,0.104618184,0.107225738,2020,Europe
38,Armenia,86,5.283,0.996,0.758,0.585,0.54,0.198,0.079,2021,Europe
39,Australia,10,7.284,1.33358,1.30923,0.93156,0.65124,0.35637,0.43562,2015,Oceania
40,Australia,9,7.313,1.44443,1.10476,0.8512,0.56837,0.32331,0.47407,2016,Oceania
41,Australia,10,7.28399992,1.484414935,1.510041952,0.843886793,0.601607382,0.30118373,0.47769925,2017,Oceania
42,Australia,10,7.272,1.34,1.573,0.91,0.647,0.302,0.361,2018,Oceania
43,Australia,11,7.228,1.372,1.548,1.036,0.557,0.29,0.332,2019,Oceania
44,Australia,12,7.222799778,1.310396433,1.477146268,1.022607684,0.621877193,0.335996419,0.324973613,2020,Oceania
45,Australia,11,7.183,1.453,1.076,0.801,0.647,0.317,0.291,2021,Oceania
46,Austria,13,7.2,1.33723,1.29704,0.89042,0.62433,0.18676,0.33088,2015,Europe
47,Austria,12,7.119,1.45038,1.08383,0.80565,0.54355,0.21348,0.32865,2016,Europe
48,Austria,13,7.006000042,1.487097263,1.459944963,0.815328419,0.56776619,0.221060365,0.316472322,2017,Europe
49,Austria,12,7.139,1.341,1.504,0.891,0.617,0.224,0.242,2018,Europe
50,Austria,10,7.246,1.376,1.475,1.016,0.532,0.226,0.244,2019,Europe
51,Austria,9,7.294199944,1.317285538,1.437444925,1.000933528,0.603368878,0.281256139,0.255509764,2020,Europe
52,Austria,10,7.268,1.492,1.062,0.782,0.64,0.292,0.215,2021,Europe
53,Azerbaijan,80,5.212,1.02389,0.93793,0.64045,0.3703,0.16065,0.07799,2015,Europe
54,Azerbaijan,81,5.291,1.12373,0.76042,0.54504,0.35327,0.17914,0.0564,2016,Europe
55,Azerbaijan,85,5.234000206,1.153601766,1.152400255,0.540775776,0.398155838,0.180987507,0.04526934,2017,Europe
56,Azerbaijan,87,5.201,1.024,1.161,0.603,0.43,0.176,0.031,2018,Europe
57,Azerbaijan,90,5.208,1.043,1.147,0.769,0.351,0.182,0.035,2019,Europe
58,Azerbaijan,89,5.164800167,0.990272701,1.180613041,0.731134057,0.467734724,0.247307181,0.040113214,2020,Europe
59,Azerbaijan,90,5.171,1.025,0.841,0.541,0.526,0.276,0.043,2021,Europe
60,Bahrain,49,5.96,1.32376,1.21624,0.74716,0.45492,0.306,0.17362,2015,Asia
61,Bahrain,42,6.218,1.44024,0.94397,0.65696,0.47375,0.25772,0.17147,2016,Asia
62,Bahrain,41,6.086999893,1.488412261,1.323110461,0.653133035,0.536746919,0.25704217,0.172668487,2017,Asia
63,Bahrain,43,6.105,1.338,1.366,0.698,0.594,0.123,0.243,2018,Asia
64,Bahrain,37,6.199,1.362,1.368,0.871,0.536,0.11,0.255,2019,Asia
65,Bahrain,40,6.227300167,1.296692252,1.31532371,0.838836372,0.610399902,0.126697257,0.287453711,2020,Asia
66,Bahrain,22,6.647,1.409,0.899,0.662,0.661,0.139,0.246,2021,Asia
67,Bangladesh,109,4.694,0.39753,0.43106,0.60164,0.4082,0.12569,0.21222,2015,Asia
68,Bangladesh,110,4.643,0.54177,0.24749,0.52989,0.39778,0.12583,0.19132,2016,Asia
69,Bangladesh,110,4.607999802,0.586682975,0.735131741,0.533241034,0.478356659,0.123717859,0.172255352,2017,Asia
70,Bangladesh,115,4.5,0.532,0.85,0.579,0.58,0.144,0.153,2018,Asia
71,Bangladesh,125,4.456,0.562,0.928,0.723,0.527,0.143,0.166,2019,Asia
72,Bangladesh,107,4.832799911,0.556156278,0.868800581,0.694940507,0.604130566,0.176735908,0.176745117,2020,Asia
73,Bangladesh,101,5.025,0.635,0.52,0.514,0.603,0.164,0.161,2021,Asia
74,Belarus,59,5.813,1.03192,1.23289,0.73608,0.37938,0.1909,0.11046,2015,Europe
75,Belarus,61,5.802,1.13062,1.04993,0.63104,0.29091,0.17457,0.13942,2016,Europe
76,Belarus,67,5.568999767,1.15655756,1.444945216,0.637714267,0.295400262,0.156313822,0.155137509,2017,Europe
77,Belarus,73,5.483,1.039,1.498,0.7,0.307,0.154,0.101,2018,Europe
78,Belarus,81,5.323,1.067,1.465,0.789,0.235,0.142,0.094,2019,Europe
79,Belarus,75,5.539899826,1.018854499,1.38713932,0.75258857,0.290755868,0.193607435,0.08993306,2020,Europe
80,Belarus,75,5.534,1.124,1.007,0.56,0.326,0.199,0.07,2021,Europe
81,Belgium,19,6.937,1.30782,1.28566,0.89667,0.5845,0.2254,0.2225,2015,Europe
82,Belgium,18,6.929,1.42539,1.05249,0.81959,0.51354,0.26248,0.2424,2016,Europe
83,Belgium,17,6.890999794,1.463780761,1.462312698,0.818091869,0.539770722,0.251343131,0.231503338,2017,Europe
84,Belgium,16,6.927,1.324,1.483,0.894,0.583,0.24,0.188,2018,Europe
85,Belgium,18,6.923,1.356,1.504,0.986,0.473,0.21,0.16,2019,Europe
86,Belgium,20,6.863500118,1.295842767,1.398677588,0.964901149,0.499805421,0.208724052,0.146966159,2020,Europe
87,Belgium,20,6.834,1.463,0.998,0.747,0.489,0.187,0.088,2021,Europe
88,Belize,52,5.956,0.87616,0.68655,0.45569,0.51231,0.10771,0.23684,2016,North America
89,Belize,50,5.955999851,0.907975316,1.081417799,0.450191766,0.547509372,0.096581072,0.240015641,2017,North America
90,Belize,49,5.956,0.807,1.101,0.474,0.593,0.089,0.183,2018,North America
91,Benin,155,3.34,0.28665,0.35386,0.3191,0.4845,0.0801,0.1826,2015,Africa
92,Benin,153,3.484,0.39499,0.10419,0.21028,0.39747,0.06681,0.2018,2016,Africa
93,Benin,143,3.657000065,0.431085408,0.435299844,0.209930211,0.425962776,0.060929015,0.207948461,2017,Africa
94,Benin,136,4.141,0.378,0.372,0.24,0.44,0.067,0.163,2018,Africa
95,Benin,102,4.883,0.393,0.437,0.397,0.349,0.082,0.175,2019,Africa
96,Benin,86,5.21600008,0.366244704,0.352428436,0.328062952,0.40583989,0.125931874,0.196670428,2020,Africa
97,Benin,99,5.045,0.507,0.058,0.196,0.457,0.178,0.166,2021,Africa
98,Bhutan,79,5.253,0.77042,1.10395,0.57407,0.53206,0.15445,0.47998,2015,Asia
99,Bhutan,84,5.196,0.8527,0.90836,0.49759,0.46074,0.1616,0.48546,2016,Asia
100,Bhutan,97,5.011000156,0.885416389,1.340126514,0.495879292,0.501537681,0.17338039,0.474054545,2017,Asia
101,Bhutan,97,5.082,0.796,1.335,0.527,0.541,0.171,0.364,2018,Asia
102,Bhutan,95,5.082,0.813,1.321,0.604,0.457,0.167,0.37,2019,Asia
103,Bolivia,51,5.89,0.68133,0.97841,0.5392,0.57414,0.088,0.20536,2015,South America
104,Bolivia,59,5.822,0.79422,0.83779,0.4697,0.50961,0.07746,0.21698,2016,South America
105,Bolivia,58,5.822999954,0.833756566,1.227619052,0.47363025,0.558732927,0.060477726,0.225560725,2017,South America
106,Bolivia,62,5.752,0.751,1.223,0.508,0.606,0.054,0.141,2018,South America
107,Bolivia,61,5.779,0.776,1.209,0.706,0.511,0.064,0.137,2019,South America
108,Bolivia,65,5.747499943,0.730976343,1.142350554,0.662445664,0.5744645,0.072942637,0.138375074,2020,South America
109,Bolivia,69,5.716,0.842,0.782,0.486,0.6,0.064,0.138,2021,South America
110,Bosnia and Herzegovina,96,4.949,0.83223,0.91916,0.79081,0.09245,0.00227,0.24808,2015,Europe
111,Bosnia and Herzegovina,87,5.163,0.93383,0.64367,0.70766,0.09511,0.0,0.29889,2016,Europe
112,Bosnia and Herzegovina,90,5.18200016,0.982409418,1.069335938,0.705186307,0.204403177,0.0,0.328867495,2017,Europe
113,Bosnia and Herzegovina,93,5.129,0.915,1.078,0.758,0.28,0.0,0.216,2018,Europe
114,Bosnia and Herzegovina,78,5.386,0.945,1.212,0.845,0.212,0.006,0.263,2019,Europe
115,Bosnia and Herzegovina,69,5.674099922,0.91839546,1.203986526,0.813928187,0.305365741,0.001172487,0.264005244,2020,Europe
116,Bosnia and Herzegovina,64,5.813,1.032,0.919,0.618,0.395,0.005,0.261,2021,Europe
117,Botswana,128,4.332,0.99355,1.10464,0.04776,0.49495,0.12474,0.10461,2015,Africa
118,Botswana,137,3.974,1.09426,0.89186,0.34752,0.44089,0.10769,0.12425,2016,Africa
119,Botswana,142,3.766000032,1.122094154,1.221554995,0.341755509,0.505196333,0.098583199,0.099348448,2017,Africa
120,Botswana,146,3.59,1.017,1.174,0.417,0.557,0.092,0.042,2018,Africa
121,Botswana,148,3.488,1.041,1.145,0.538,0.455,0.1,0.025,2019,Africa
122,Botswana,147,3.478899956,0.997548997,1.08569479,0.494101733,0.50908941,0.101786368,0.033407487,2020,Africa
123,Botswana,146,3.467,1.099,0.724,0.34,0.539,0.088,0.027,2021,Africa
124,Brazil,16,6.983,0.98124,1.23287,0.69702,0.49049,0.17521,0.14574,2015,South America
125,Brazil,17,6.952,1.08754,1.03938,0.61415,0.40425,0.14166,0.15776,2016,South America
126,Brazil,22,6.635000229,1.10735321,1.431306005,0.616552353,0.437453747,0.111092761,0.162349895,2017,South America
127,Brazil,28,6.419,0.986,1.474,0.675,0.493,0.088,0.11,2018,South America
128,Brazil,32,6.3,1.004,1.439,0.802,0.39,0.086,0.099,2019,South America
129,Brazil,32,6.375599861,0.952679873,1.363464117,0.766119063,0.483292729,0.106518604,0.131674588,2020,South America
130,Brazil,35,6.33,1.028,0.944,0.571,0.514,0.117,0.142,2021,South America
131,Bulgaria,134,4.218,1.01216,1.10614,0.76649,0.30587,0.00872,0.11921,2015,Europe
132,Bulgaria,129,4.217,1.11306,0.92542,0.67806,0.21219,0.00615,0.12793,2016,Europe
133,Bulgaria,105,4.714000225,1.161459088,1.434379458,0.70821768,0.289231718,0.011051531,0.113177694,2017,Europe
134,Bulgaria,100,4.933,1.054,1.515,0.712,0.359,0.009,0.064,2018,Europe
135,Bulgaria,97,5.011,1.092,1.513,0.815,0.311,0.004,0.081,2019,Europe
136,Bulgaria,96,5.101500034,1.046554685,1.460578918,0.777776897,0.417820066,0.0,0.103833713,2020,Europe
137,Bulgaria,88,5.266,1.181,1.055,0.583,0.494,0.005,0.125,2021,Europe
138,Burkina Faso,152,3.587,0.25812,0.85188,0.27125,0.39493,0.12832,0.21747,2015,Africa
139,Burkina Faso,145,3.739,0.31995,0.63054,0.21297,0.3337,0.12533,0.24353,2016,Africa
140,Burkina Faso,134,4.032000065,0.350227714,1.043280005,0.215844259,0.324367851,0.120328106,0.250864685,2017,Africa
141,Burkina Faso,121,4.424,0.314,1.097,0.254,0.312,0.128,0.175,2018,Africa
142,Burkina Faso,115,4.587,0.331,1.056,0.38,0.255,0.113,0.177,2019,Africa
143,Burkina Faso,112,4.768700123,0.302467644,0.9293859,0.312833875,0.322398156,0.126408055,0.186390609,2020,Africa
144,Burkina Faso,113,4.834,0.364,0.472,0.179,0.381,0.122,0.182,2021,Africa
145,Burundi,157,2.905,0.0153,0.41587,0.22396,0.1185,0.10062,0.19727,2015,Africa
146,Burundi,157,2.905,0.06831,0.23442,0.15747,0.0432,0.09419,0.2029,2016,Africa
147,Burundi,154,2.904999971,0.091622569,0.629793584,0.151610792,0.059900753,0.084147945,0.204435185,2017,Africa
148,Burundi,156,2.905,0.091,0.627,0.145,0.065,0.076,0.149,2018,Africa
149,Burundi,145,3.775,0.046,0.447,0.38,0.22,0.18,0.176,2019,Africa
150,Burundi,140,3.775300026,0.0,0.403575271,0.295212835,0.275399059,0.212186828,0.187401786,2020,Africa
151,Burundi,140,3.775,0.0,0.062,0.155,0.298,0.212,0.172,2021,Africa
152,Cambodia,145,3.819,0.46038,0.62736,0.61114,0.66246,0.07247,0.40359,2015,Asia
153,Cambodia,140,3.907,0.55604,0.5375,0.42494,0.58852,0.08092,0.40339,2016,Asia
154,Cambodia,129,4.168000221,0.601765096,1.006238341,0.429783404,0.633375823,0.068105951,0.385922968,2017,Asia
155,Cambodia,120,4.433,0.549,1.088,0.457,0.696,0.065,0.256,2018,Asia
156,Cambodia,109,4.7,0.574,1.122,0.637,0.609,0.062,0.232,2019,Asia
157,Cambodia,106,4.848400116,0.544634938,1.071426034,0.587904334,0.674940348,0.072837502,0.233342081,2020,Asia
158,Cambodia,114,4.83,0.603,0.68,0.426,0.702,0.061,0.21,2021,Asia
159,Cameroon,133,4.252,0.4225,0.88767,0.23402,0.49309,0.05786,0.20618,2015,Africa
160,Cameroon,114,4.513,0.52497,0.62542,0.12698,0.42736,0.06126,0.2268,2016,Africa
161,Cameroon,107,4.695000172,0.564305365,0.946018219,0.132892117,0.430388749,0.051306631,0.236298457,2017,Africa
162,Cameroon,99,4.975,0.535,0.891,0.182,0.454,0.043,0.183,2018,Africa
163,Cameroon,96,5.044,0.549,0.91,0.331,0.381,0.037,0.187,2019,Africa
164,Cameroon,98,5.084899902,0.503958046,0.89972645,0.270189553,0.439242482,0.054393422,0.198020101,2020,Africa
165,Cameroon,91,5.142,0.543,0.556,0.159,0.425,0.058,0.205,2021,Africa
166,Canada,5,7.427,1.32629,1.32261,0.90563,0.63297,0.32957,0.45811,2015,North America
167,Canada,6,7.404,1.44015,1.0961,0.8276,0.5737,0.31329,0.44834,2016,North America
168,Canada,7,7.315999985,1.479204416,1.481348991,0.834557652,0.611100912,0.287371516,0.435539722,2017,North America
169,Canada,7,7.328,1.33,1.532,0.896,0.653,0.291,0.321,2018,North America
170,Canada,9,7.278,1.365,1.505,1.039,0.584,0.308,0.285,2019,North America
171,Canada,11,7.23210001,1.301647663,1.435391903,1.022501945,0.644028127,0.351701856,0.28152892,2020,North America
172,Canada,14,7.103,1.447,1.044,0.798,0.648,0.335,0.246,2021,North America
173,Central African Republic,148,3.678,0.0785,0.0,0.06699,0.48879,0.08289,0.23835,2015,Africa
174,Central African Republic,155,2.693000078,0.0,0.0,0.018772686,0.270842046,0.056565076,0.280876487,2017,Africa
175,Central African Republic,155,3.083,0.024,0.0,0.01,0.305,0.038,0.218,2018,Africa
176,Central African Republic,155,3.083,0.026,0.0,0.105,0.225,0.035,0.235,2019,Africa
177,Central African Republic,149,3.475899935,0.041072082,0.0,0.0,0.292814463,0.028264718,0.253513217,2020,Africa
178,Chad,149,3.667,0.34193,0.76062,0.1501,0.23501,0.05269,0.18386,2015,Africa
179,Chad,144,3.763,0.42214,0.63178,0.03824,0.12807,0.04952,0.18667,2016,Africa
180,Chad,137,3.936000109,0.438012987,0.953855872,0.041134715,0.162342027,0.053581882,0.21611385,2017,Africa
181,Chad,131,4.301,0.358,0.907,0.053,0.189,0.06,0.181,2018,Africa
182,Chad,132,4.35,0.35,0.766,0.192,0.174,0.078,0.198,2019,Africa
183,Chad,127,4.422699928,0.302287489,0.739118278,0.1087441,0.228601769,0.085755408,0.210805088,2020,Africa
184,Chad,128,4.355,0.255,0.353,0.0,0.24,0.084,0.215,2021,Africa
185,Chile,27,6.67,1.10715,1.12447,0.85857,0.44132,0.12869,0.33363,2015,South America
186,Chile,24,6.705,1.2167,0.90587,0.81883,0.37789,0.11451,0.31595,2016,South America
187,Chile,20,6.65199995,1.25278461,1.284024954,0.819479704,0.376895279,0.082287982,0.326662421,2017,South America
188,Chile,25,6.476,1.131,1.331,0.808,0.431,0.061,0.197,2018,South America
189,Chile,26,6.444,1.159,1.369,0.92,0.357,0.056,0.187,2019,South America
190,Chile,39,6.228499889,1.096992493,1.323286891,0.889260828,0.417482227,0.06284935,0.155579001,2020,South America
191,Chile,43,6.172,1.2,0.946,0.678,0.438,0.07,0.159,2021,South America
192,China,84,5.14,0.89012,0.94675,0.81658,0.51697,0.02781,0.08185,2015,Asia
193,China,83,5.245,1.0278,0.79381,0.73561,0.44012,0.02745,0.04959,2016,Asia
194,China,79,5.272999763,1.081165791,1.160837412,0.741415501,0.472787708,0.022794275,0.028806841,2017,Asia
195,China,86,5.246,0.989,1.142,0.799,0.597,0.103,0.029,2018,Asia
196,China,93,5.191,1.029,1.125,0.893,0.521,0.1,0.058,2019,Asia
197,China,94,5.123899937,0.990533412,1.132080674,0.867248535,0.601605117,0.117255554,0.079021044,2020,Asia
198,China,84,5.339,1.061,0.785,0.665,0.636,0.117,0.093,2021,Asia
199,Colombia,33,6.477,0.91861,1.24018,0.69077,0.53466,0.0512,0.18401,2015,South America
200,Colombia,31,6.481,1.03032,1.02169,0.59659,0.44735,0.05399,0.15626,2016,South America
201,Colombia,36,6.356999874,1.070622325,1.402182937,0.595027924,0.477487415,0.046668742,0.149014473,2017,South America
202,Colombia,37,6.26,0.96,1.439,0.635,0.531,0.039,0.099,2018,South America
203,Colombia,43,6.125,0.985,1.41,0.841,0.47,0.034,0.099,2019,South America
204,Colombia,44,6.163400173,0.93220371,1.33445096,0.810020149,0.526890039,0.04584837,0.092374094,2020,South America
205,Colombia,52,6.012,1.021,0.866,0.615,0.554,0.063,0.1,2021,South America
206,Comoros,140,3.956,0.23906,0.79273,0.36315,0.22917,0.199,0.17441,2015,Africa
207,Comoros,138,3.956,0.27509,0.60323,0.29981,0.15412,0.18437,0.1827,2016,Africa
208,Comoros,142,3.973,0.274,0.757,0.505,0.142,0.078,0.275,2019,Africa
209,Comoros,134,4.288599968,0.415620774,0.723232806,0.437383324,0.181028232,0.100048535,0.258538276,2020,Africa
210,Comoros,131,4.289,0.488,0.367,0.279,0.202,0.101,0.241,2021,Africa
211,Costa Rica,12,7.226,0.95578,1.23788,0.86027,0.63376,0.10583,0.25497,2015,North America
212,Costa Rica,14,7.087,1.06879,1.02152,0.76146,0.55225,0.10547,0.22553,2016,North America
213,Costa Rica,12,7.078999996,1.109706283,1.416403651,0.759509265,0.58013165,0.100106589,0.214613229,2017,North America
214,Costa Rica,13,7.072,1.01,1.459,0.817,0.632,0.101,0.143,2018,North America
215,Costa Rica,12,7.167,1.034,1.441,0.963,0.558,0.093,0.144,2019,North America
216,Costa Rica,15,7.121399879,0.981107712,1.374853611,0.939635336,0.645017743,0.096362092,0.131266311,2020,North America
217,Costa Rica,16,7.069,1.134,0.966,0.722,0.673,0.083,0.105,2021,North America
218,Ivory Coast,151,3.655,0.46534,0.77115,0.15185,0.46866,0.17922,0.20165,2015,Africa
219,Ivory Coast,139,3.916,0.55507,0.57576,0.04476,0.40663,0.1553,0.20338,2016,Africa
220,Ivory Coast,128,4.179999828,0.603048921,0.90478003,0.04864217,0.447706193,0.130061775,0.20123747,2017,Africa
221,Ivory Coast,107,4.671,0.541,0.872,0.08,0.467,0.103,0.146,2018,Africa
222,Ivory Coast,99,4.944,0.569,0.808,0.232,0.352,0.09,0.154,2019,Africa
223,Ivory Coast,85,5.233300209,0.537094414,0.799727261,0.154942513,0.397122532,0.093495794,0.169915587,2020,Africa
224,Ivory Coast,85,5.306,0.669,0.409,0.052,0.438,0.092,0.177,2021,Africa
225,Croatia,62,5.759,1.08254,0.79624,0.78805,0.25883,0.0243,0.05444,2015,Europe
226,Croatia,74,5.488,1.18649,0.60809,0.70524,0.23907,0.04002,0.18434,2016,Europe
227,Croatia,77,5.293000221,1.222556233,0.967983007,0.701288521,0.255772293,0.04310311,0.248002976,2017,Europe
228,Croatia,82,5.321,1.115,1.161,0.737,0.38,0.039,0.12,2018,Europe
229,Croatia,75,5.432,1.155,1.266,0.914,0.296,0.022,0.119,2019,Europe
230,Croatia,79,5.504700184,1.109024286,1.311264873,0.900575578,0.381456882,0.012325006,0.113998979,2020,Europe
231,Croatia,60,5.882,1.251,1.039,0.703,0.453,0.0,0.111,2021,Europe
232,Cyprus,67,5.689,1.20813,0.89318,0.92356,0.40672,0.06146,0.30638,2015,Europe
233,Cyprus,69,5.546,1.31857,0.70697,0.8488,0.29507,0.05228,0.27906,2016,Europe
234,Cyprus,65,5.620999813,1.355938077,1.131363273,0.844714701,0.355111539,0.041237976,0.271254301,2017,Europe
235,Cyprus,61,5.762,1.229,1.191,0.909,0.423,0.035,0.202,2018,Europe
236,Cyprus,49,6.046,1.263,1.223,1.042,0.406,0.041,0.19,2019,Europe
237,Cyprus,45,6.15899992,1.21279943,1.149170756,1.026124597,0.459385872,0.051207144,0.227932334,2020,Europe
238,Cyprus,39,6.223,1.377,0.765,0.801,0.464,0.061,0.178,2021,Europe
239,Czech Republic,31,6.505,1.17898,1.20643,0.84483,0.46364,0.02652,0.10686,2015,Europe
240,Czech Republic,27,6.596,1.30915,1.00793,0.76376,0.41418,0.03986,0.09929,2016,Europe
241,Czech Republic,23,6.609000206,1.352682352,1.433885217,0.754444003,0.490946174,0.036872927,0.088106759,2017,Europe
242,Czech Republic,21,6.711,1.233,1.489,0.854,0.543,0.034,0.064,2018,Europe
243,Czech Republic,20,6.852,1.269,1.487,0.92,0.457,0.036,0.046,2019,Europe
244,Czech Republic,19,6.910900116,1.212322354,1.40528667,0.89456445,0.505744576,0.049803223,0.046325929,2020,Europe
245,Czech Republic,18,6.965,1.37,1.09,0.703,0.58,0.046,0.052,2021,Europe
246,Denmark,3,7.527,1.32548,1.36058,0.87464,0.64938,0.48357,0.34139,2015,Europe
247,Denmark,1,7.526,1.44178,1.16374,0.79504,0.57941,0.44453,0.36171,2016,Europe
248,Denmark,2,7.521999836,1.482383013,1.551121593,0.792565525,0.626006722,0.400770068,0.355280489,2017,Europe
249,Denmark,3,7.555,1.351,1.59,0.868,0.683,0.408,0.284,2018,Europe
250,Denmark,2,7.6,1.383,1.573,0.996,0.592,0.41,0.252,2019,Europe
251,Denmark,2,7.645599842,1.326948524,1.503449202,0.979332566,0.665039897,0.495260328,0.242793396,2020,Europe
252,Denmark,2,7.62,1.502,1.108,0.763,0.686,0.485,0.208,2021,Europe
253,Djibouti,126,4.369,0.44025,0.59207,0.36291,0.46074,0.28105,0.18093,2015,Africa
254,Dominican Republic,98,4.885,0.89537,1.17202,0.66825,0.57672,0.14234,0.21684,2015,North America
255,Dominican Republic,89,5.155,1.02787,0.99496,0.57669,0.52259,0.12372,0.21286,2016,North America
256,Dominican Republic,86,5.230000019,1.079373837,1.402416706,0.574873745,0.552589834,0.113945253,0.18696785,2017,North America
257,Dominican Republic,83,5.302,0.982,1.441,0.614,0.578,0.106,0.12,2018,North America
258,Dominican Republic,77,5.425,1.015,1.401,0.779,0.497,0.101,0.113,2019,North America
259,Dominican Republic,68,5.689199924,0.983191848,1.328888893,0.741901696,0.5628739,0.115945682,0.112196781,2020,North America
260,Dominican Republic,73,5.545,1.106,0.879,0.555,0.581,0.144,0.101,2021,North America
261,Ecuador,48,5.975,0.86402,0.99903,0.79075,0.48574,0.1809,0.11541,2015,South America
262,Ecuador,51,5.976,0.97306,0.85974,0.68613,0.4027,0.18037,0.10074,2016,South America
263,Ecuador,44,6.007999897,1.000820398,1.286168814,0.685636222,0.455198199,0.140134647,0.150112465,2017,South America
264,Ecuador,48,5.973,0.889,1.33,0.736,0.556,0.12,0.114,2018,South America
265,Ecuador,50,6.028,0.912,1.312,0.868,0.498,0.087,0.126,2019,South America
266,Ecuador,58,5.925199986,0.853383601,1.221027613,0.838837743,0.555234551,0.086753383,0.115006477,2020,South America
267,Ecuador,66,5.764,0.935,0.806,0.64,0.56,0.062,0.107,2021,South America
268,Egypt,135,4.194,0.8818,0.747,0.61712,0.17288,0.06324,0.11291,2015,Africa
269,Egypt,120,4.362,0.95395,0.49813,0.52116,0.18847,0.10393,0.12706,2016,Africa
270,Egypt,104,4.735000134,0.989701807,0.997471392,0.520187259,0.282110155,0.114381365,0.128631443,2017,Africa
271,Egypt,122,4.419,0.885,1.025,0.553,0.312,0.107,0.092,2018,Africa
272,Egypt,137,4.166,0.913,1.039,0.644,0.241,0.067,0.076,2019,Africa
273,Egypt,138,4.151400089,0.875228941,0.982539535,0.596911311,0.373684734,0.095461793,0.068801254,2020,Africa
274,Egypt,132,4.283,0.954,0.647,0.426,0.446,0.092,0.069,2021,Africa
275,El Salvador,42,6.13,0.76454,1.02507,0.67737,0.4035,0.11776,0.10692,2015,North America
276,El Salvador,46,6.068,0.8737,0.80975,0.596,0.37269,0.10613,0.08877,2016,North America
277,El Salvador,45,6.002999783,0.909784496,1.182125092,0.596018553,0.43245253,0.08998096,0.078257985,2017,North America
278,El Salvador,40,6.167,0.806,1.231,0.639,0.461,0.082,0.065,2018,North America
279,El Salvador,35,6.253,0.794,1.242,0.789,0.43,0.074,0.093,2019,North America
280,El Salvador,34,6.34829998,0.748940408,1.149397612,0.752730012,0.524043918,0.117030352,0.1189363,2020,North America
281,El Salvador,49,6.061,0.845,0.675,0.565,0.615,0.16,0.116,2021,North America
282,Estonia,73,5.429,1.15174,1.22791,0.77361,0.44888,0.15184,0.0868,2015,Europe
283,Estonia,72,5.517,1.27964,1.05163,0.68098,0.41511,0.18519,0.08423,2016,Europe
284,Estonia,66,5.611000061,1.32087934,1.4766711,0.695168316,0.47913143,0.183248922,0.098890811,2017,Europe
285,Estonia,63,5.739,1.2,1.532,0.737,0.553,0.174,0.086,2018,Europe
286,Estonia,55,5.893,1.237,1.528,0.874,0.495,0.161,0.103,2019,Europe
287,Estonia,51,6.021800041,1.192441225,1.453232527,0.842615008,0.576664805,0.201766819,0.125136748,2020,Europe
288,Estonia,40,6.189,1.344,1.079,0.64,0.641,0.263,0.119,2021,Europe
289,Ethiopia,122,4.512,0.19073,0.60406,0.44055,0.4345,0.15048,0.24325,2015,Africa
290,Ethiopia,115,4.508,0.29283,0.37932,0.34578,0.36703,0.1717,0.29522,2016,Africa
291,Ethiopia,119,4.460000038,0.339233845,0.864669204,0.353409708,0.408842742,0.165455714,0.31265074,2017,Africa
292,Ethiopia,127,4.35,0.308,0.95,0.391,0.452,0.146,0.22,2018,Africa
293,Ethiopia,134,4.286,0.336,1.033,0.532,0.344,0.1,0.209,2019,Africa
294,Ethiopia,136,4.186200142,0.315125644,1.001103282,0.483846247,0.41256687,0.117437035,0.227698103,2020,Africa
295,Ethiopia,133,4.275,0.37,0.679,0.331,0.451,0.114,0.241,2021,Africa
296,Finland,6,7.406,1.29025,1.31826,0.88911,0.64169,0.41372,0.23351,2015,Europe
297,Finland,5,7.413,1.40598,1.13464,0.81091,0.57104,0.41004,0.25492,2016,Europe
298,Finland,5,7.468999863,1.443571925,1.540246725,0.80915767,0.617950857,0.382611543,0.245482773,2017,Europe
299,Finland,1,7.632,1.305,1.592,0.874,0.681,0.393,0.202,2018,Europe
300,Finland,1,7.769,1.34,1.587,0.986,0.596,0.393,0.153,2019,Europe
301,Finland,1,7.808700085,1.285189509,1.499525905,0.961271405,0.66231674,0.477857262,0.159670442,2020,Europe
302,Finland,1,7.842,1.446,1.106,0.741,0.691,0.481,0.124,2021,Europe
303,France,29,6.575,1.27778,1.26038,0.94579,0.55011,0.20646,0.12332,2015,Europe
304,France,32,6.478,1.39488,1.00508,0.83795,0.46562,0.17808,0.1216,2016,Europe
305,France,31,6.441999912,1.430923462,1.387776852,0.844465852,0.470222116,0.172502428,0.129762307,2017,Europe
306,France,23,6.489,1.293,1.466,0.908,0.52,0.176,0.098,2018,Europe
307,France,24,6.592,1.324,1.472,1.045,0.436,0.183,0.111,2019,Europe
308,France,23,6.663799763,1.268129349,1.458839178,1.029714227,0.514050901,0.227303237,0.112607703,2020,Europe
309,France,21,6.69,1.421,1.081,0.804,0.536,0.235,0.092,2021,Europe
310,Gabon,143,3.896,1.06024,0.90528,0.43372,0.31914,0.11091,0.06822,2015,Africa
311,Gabon,134,4.121,1.15851,0.72368,0.3494,0.28098,0.09314,0.06244,2016,Africa
312,Gabon,118,4.465000153,1.198210239,1.155620217,0.356578588,0.312328577,0.076046787,0.043785378,2017,Africa
313,Gabon,103,4.758,1.036,1.164,0.404,0.356,0.052,0.032,2018,Africa
314,Gabon,104,4.799,1.057,1.183,0.571,0.295,0.055,0.043,2019,Africa
315,Gabon,108,4.829299927,0.988044381,1.10639751,0.522574842,0.369459897,0.055804539,0.052013602,2020,Africa
316,Gabon,112,4.852,1.037,0.707,0.362,0.424,0.064,0.058,2021,Africa
317,Gambia,120,4.516,0.308,0.939,0.428,0.382,0.167,0.269,2019,Africa
318,Gambia,113,4.750599861,0.256990552,0.882678688,0.353247881,0.403419524,0.158093795,0.425989687,2020,Africa
319,Gambia,98,5.051,0.367,0.511,0.21,0.384,0.123,0.465,2021,Africa
320,Georgia,130,4.297,0.7419,0.38562,0.72926,0.40577,0.38331,0.05547,2015,Europe
321,Georgia,126,4.252,0.83792,0.19249,0.64035,0.32461,0.3188,0.06786,2016,Europe
322,Georgia,125,4.285999775,0.950612664,0.570614934,0.649546981,0.309410036,0.251666635,0.054008815,2017,Europe
323,Georgia,128,4.34,0.853,0.592,0.643,0.375,0.215,0.038,2018,Europe
324,Georgia,119,4.519,0.886,0.666,0.752,0.346,0.164,0.043,2019,Europe
325,Georgia,117,4.672599792,0.847198069,0.7311939,0.694657624,0.485494107,0.174088076,0.047609735,2020,Europe
326,Georgia,108,4.891,1.03,0.47,0.498,0.488,0.181,0.032,2021,Europe
327,Germany,26,6.75,1.32792,1.29937,0.89186,0.61477,0.21843,0.28214,2015,Europe
328,Germany,16,6.994,1.44787,1.09774,0.81487,0.53466,0.28551,0.30452,2016,Europe
329,Germany,16,6.951000214,1.487923384,1.472520351,0.798950732,0.562511384,0.276731938,0.33626917,2017,Europe
330,Germany,15,6.965,1.34,1.474,0.861,0.586,0.28,0.273,2018,Europe
331,Germany,17,6.985,1.373,1.454,0.987,0.495,0.265,0.261,2019,Europe
332,Germany,17,7.075799942,1.314184546,1.368543744,0.972114801,0.564274132,0.309362292,0.252037704,2020,Europe
333,Germany,13,7.155,1.48,0.993,0.757,0.6,0.306,0.195,2021,Europe
334,Ghana,114,4.633,0.54558,0.67954,0.40132,0.42342,0.04355,0.23087,2015,Africa
335,Ghana,124,4.276,0.63107,0.49353,0.29681,0.40973,0.0326,0.21203,2016,Africa
336,Ghana,131,4.119999886,0.667224824,0.873664737,0.295637727,0.423026294,0.02533637,0.256923944,2017,Africa
337,Ghana,108,4.657,0.592,0.896,0.337,0.499,0.029,0.212,2018,Africa
338,Ghana,98,4.996,0.611,0.868,0.486,0.381,0.04,0.245,2019,Africa
339,Ghana,91,5.147999763,0.575862467,0.96636796,0.432162255,0.477290064,0.056570381,0.261291206,2020,Africa
340,Ghana,95,5.088,0.68,0.595,0.287,0.517,0.058,0.268,2021,Africa
341,Greece,102,4.857,1.15406,0.92933,0.88213,0.07699,0.01397,0.0,2015,Europe
342,Greece,99,5.033,1.24886,0.75473,0.80029,0.05822,0.04127,0.0,2016,Europe
343,Greece,87,5.227000237,1.289487481,1.239414573,0.810198903,0.095731251,0.043289777,0.0,2017,Europe
344,Greece,79,5.358,1.154,1.202,0.879,0.131,0.044,0.0,2018,Europe
345,Greece,82,5.287,1.181,1.156,0.999,0.067,0.034,0.0,2019,Europe
346,Greece,77,5.514999866,1.128070116,1.168973565,0.979431748,0.173516348,0.048844352,0.0,2020,Europe
347,Greece,68,5.723,1.273,0.811,0.76,0.243,0.074,0.0,2021,Europe
348,Guatemala,43,6.123,0.74553,1.04356,0.64425,0.57733,0.09472,0.27489,2015,North America
349,Guatemala,39,6.324,0.83454,0.87119,0.54039,0.50379,0.08701,0.28808,2016,North America
350,Guatemala,29,6.453999996,0.872001946,1.255585194,0.54023999,0.531310618,0.077223279,0.283488393,2017,North America
351,Guatemala,30,6.382,0.781,1.268,0.608,0.604,0.071,0.179,2018,North America
352,Guatemala,27,6.436,0.8,1.269,0.746,0.535,0.078,0.175,2019,North America
353,Guatemala,29,6.398900032,0.753815711,1.174267054,0.705952585,0.613146722,0.0983603,0.170611665,2020,North America
354,Guatemala,30,6.435,0.845,0.79,0.519,0.638,0.105,0.163,2021,North America
355,Guinea,150,3.656,0.17417,0.46475,0.24009,0.37725,0.12139,0.28657,2015,Africa
356,Guinea,151,3.607,0.22415,0.3109,0.18829,0.30953,0.1192,0.29914,2016,Africa
357,Guinea,149,3.506999969,0.24454993,0.791244686,0.194129139,0.348587513,0.110937618,0.264815092,2017,Africa
358,Guinea,140,3.964,0.344,0.792,0.211,0.394,0.094,0.185,2018,Africa
359,Guinea,118,4.534,0.38,0.829,0.375,0.332,0.086,0.207,2019,Africa
360,Guinea,102,4.949299812,0.390007734,0.75136596,0.333655238,0.371878058,0.112204559,0.249490842,2020,Africa
361,Guinea,102,4.984,0.42,0.399,0.206,0.384,0.111,0.25,2021,Africa
362,Haiti,119,4.518,0.26673,0.74302,0.38847,0.24425,0.17175,0.46187,2015,North America
363,Haiti,136,4.028,0.34097,0.29561,0.27494,0.12072,0.14476,0.47958,2016,North America
364,Haiti,145,3.602999926,0.368610263,0.640449822,0.27732113,0.030369857,0.09987215,0.489203781,2017,North America
365,Haiti,148,3.582,0.315,0.714,0.289,0.025,0.104,0.392,2018,North America
366,Haiti,147,3.597,0.323,0.688,0.449,0.026,0.11,0.419,2019,North America
367,Haiti,142,3.720799923,0.284734428,0.646671355,0.37436673,0.169297516,0.161935672,0.463909656,2020,North America
368,Haiti,143,3.615,0.294,0.173,0.227,0.257,0.139,0.463,2021,North America
369,Honduras,105,4.788,0.59532,0.95348,0.6951,0.40148,0.06825,0.23027,2015,North America
370,Honduras,104,4.871,0.69429,0.75596,0.58383,0.26755,0.06906,0.2044,2016,North America
371,Honduras,91,5.181000233,0.730573118,1.143944979,0.58256948,0.34807986,0.073345453,0.236188874,2017,North America
372,Honduras,72,5.504,0.62,1.205,0.622,0.459,0.074,0.197,2018,North America
373,Honduras,59,5.86,0.642,1.236,0.828,0.507,0.078,0.246,2019,North America
374,Honduras,56,5.953199863,0.598763585,1.186664104,0.791989982,0.568148077,0.086807102,0.256528199,2020,North America
375,Honduras,59,5.919,0.703,0.787,0.593,0.578,0.083,0.241,2021,North America
376,Hong Kong,72,5.474,1.38604,1.05818,1.01328,0.59608,0.37124,0.39478,2015,Asia
377,Hong Kong,75,5.458,1.5107,0.87021,0.95277,0.48079,0.31647,0.40097,2016,Asia
378,Hong Kong,76,5.43,1.405,1.29,1.03,0.524,0.291,0.246,2018,Asia
379,Hong Kong,76,5.43,1.438,1.277,1.122,0.44,0.287,0.258,2019,Asia
380,Hungary,104,4.8,1.12094,1.20215,0.75905,0.32112,0.02758,0.128,2015,Europe
381,Hungary,91,5.145,1.24142,0.93164,0.67608,0.1977,0.04472,0.099,2016,Europe
382,Hungary,75,5.323999882,1.286011934,1.343133092,0.687763453,0.175863519,0.036636937,0.078401662,2017,Europe
383,Hungary,69,5.62,1.171,1.401,0.732,0.259,0.022,0.061,2018,Europe
384,Hungary,62,5.758,1.201,1.41,0.828,0.199,0.02,0.081,2019,Europe
385,Hungary,53,6.000400066,1.164307117,1.423009396,0.806793869,0.386401802,0.027548173,0.070491239,2020,Europe
386,Hungary,53,5.992,1.301,1.083,0.615,0.454,0.04,0.067,2021,Europe
387,Iceland,2,7.561,1.30232,1.40223,0.94784,0.62877,0.14145,0.4363,2015,Europe
388,Iceland,3,7.501,1.42666,1.18326,0.86733,0.56624,0.14975,0.47678,2016,Europe
389,Iceland,3,7.504000187,1.48063302,1.610574007,0.833552122,0.627162635,0.153526559,0.475540221,2017,Europe
390,Iceland,4,7.495,1.343,1.644,0.914,0.677,0.138,0.353,2018,Europe
391,Iceland,4,7.494,1.38,1.624,1.026,0.591,0.118,0.354,2019,Europe
392,Iceland,4,7.504499912,1.326501608,1.547567487,1.000843406,0.661980748,0.144540772,0.362330228,2020,Europe
393,Iceland,4,7.554,1.482,1.172,0.772,0.698,0.17,0.293,2021,Europe
394,India,117,4.565,0.64499,0.38174,0.51529,0.39786,0.08492,0.26475,2015,Asia
395,India,118,4.404,0.74036,0.29247,0.45091,0.40285,0.08722,0.25028,2016,Asia
396,India,122,4.315000057,0.792221248,0.754372597,0.455427617,0.469987005,0.092226885,0.231538489,2017,Asia
397,India,133,4.19,0.721,0.747,0.485,0.539,0.093,0.172,2018,Asia
398,India,140,4.015,0.755,0.765,0.588,0.498,0.085,0.2,2019,Asia
399,India,144,3.573299885,0.730576158,0.644198656,0.54057014,0.581142247,0.105587982,0.237072483,2020,Asia
400,India,139,3.819,0.741,0.316,0.383,0.622,0.106,0.246,2021,Asia
401,Indonesia,74,5.399,0.82827,1.08708,0.63793,0.46611,0.0,0.51535,2015,Asia
402,Indonesia,79,5.314,0.95104,0.87625,0.49374,0.39237,0.00322,0.56521,2016,Asia
403,Indonesia,81,5.262000084,0.995538592,1.274444699,0.492345721,0.443323463,0.015317135,0.611704588,2017,Asia
404,Indonesia,96,5.093,0.899,1.215,0.522,0.538,0.018,0.484,2018,Asia
405,Indonesia,92,5.192,0.931,1.203,0.66,0.491,0.028,0.498,2019,Asia
406,Indonesia,84,5.285600185,0.891720712,1.154800892,0.610437036,0.568161428,0.038278613,0.542646527,2020,Asia
407,Indonesia,82,5.345,0.954,0.786,0.433,0.598,0.046,0.541,2021,Asia
408,Iran,110,4.686,1.0088,0.54447,0.69805,0.30033,0.05863,0.38086,2015,Asia
409,Iran,105,4.813,1.11758,0.38857,0.64232,0.22544,0.0557,0.38538,2016,Asia
410,Iran,108,4.691999912,1.156873107,0.711551249,0.639333189,0.249322608,0.048761073,0.387242913,2017,Asia
411,Iran,106,4.707,1.059,0.771,0.691,0.459,0.129,0.282,2018,Asia
412,Iran,117,4.548,1.1,0.842,0.785,0.305,0.125,0.27,2019,Asia
413,Iran,118,4.672399998,1.029322505,0.886271179,0.749053836,0.301195472,0.142651513,0.27697894,2020,Asia
414,Iran,118,4.721,1.03,0.557,0.561,0.275,0.144,0.33,2021,Asia
415,Iraq,112,4.677,0.98549,0.81889,0.60237,0.0,0.13788,0.17922,2015,Asia
416,Iraq,112,4.575,1.07474,0.59205,0.51076,0.24856,0.13636,0.19589,2016,Asia
417,Iraq,117,4.497000217,1.102710485,0.978613198,0.50118047,0.288555533,0.107215755,0.199637264,2017,Asia
418,Iraq,117,4.456,1.01,0.971,0.536,0.304,0.095,0.148,2018,Asia
419,Iraq,126,4.437,1.043,0.98,0.574,0.241,0.089,0.148,2019,Asia
420,Iraq,110,4.784800053,0.982018709,1.011466622,0.529350698,0.283588052,0.073164992,0.153002068,2020,Asia
421,Iraq,111,4.854,0.91,0.638,0.381,0.302,0.041,0.153,2021,Asia
422,Ireland,18,6.94,1.33596,1.36948,0.89533,0.61777,0.28703,0.45901,2015,Europe
423,Ireland,19,6.907,1.48341,1.16157,0.81455,0.54008,0.29754,0.44963,2016,Europe
424,Ireland,15,6.977000237,1.535706639,1.558231115,0.809782624,0.573110342,0.298388153,0.427858323,2017,Europe
425,Ireland,14,6.977,1.448,1.583,0.876,0.614,0.306,0.307,2018,Europe
426,Ireland,16,7.021,1.499,1.553,0.999,0.516,0.31,0.298,2019,Europe
427,Ireland,16,7.093699932,1.446886778,1.470596433,0.975670695,0.587779939,0.373433262,0.295426995,2020,Europe
428,Ireland,15,7.085,1.644,1.092,0.753,0.606,0.367,0.238,2021,Europe
429,Israel,11,7.278,1.22857,1.22393,0.91387,0.41319,0.07785,0.33172,2015,Asia
430,Israel,11,7.267,1.33766,0.99537,0.84917,0.36432,0.08728,0.32288,2016,Asia
431,Israel,11,7.212999821,1.375382423,1.376289964,0.838404,0.405988604,0.0852421,0.330082655,2017,Asia
432,Israel,19,6.814,1.301,1.559,0.883,0.533,0.272,0.354,2018,Asia
433,Israel,13,7.139,1.276,1.455,1.029,0.371,0.082,0.261,2019,Asia
434,Israel,14,7.128600121,1.216463685,1.403256774,1.008052945,0.420699477,0.09989845,0.266861796,2020,Asia
435,Israel,12,7.157,1.376,1.074,0.788,0.509,0.119,0.208,2021,Asia
436,Italy,50,5.948,1.25114,1.19777,0.95446,0.26236,0.02901,0.22823,2015,Europe
437,Italy,50,5.977,1.35495,1.04167,0.85102,0.18827,0.02556,0.16684,2016,Europe
438,Italy,48,5.964000225,1.395066619,1.444923282,0.853144348,0.256450713,0.028028091,0.172789648,2017,Europe
439,Italy,47,6.0,1.264,1.501,0.946,0.281,0.028,0.137,2018,Europe
440,Italy,36,6.223,1.294,1.488,1.039,0.231,0.03,0.158,2019,Europe
441,Italy,30,6.38740015,1.236396074,1.347296,1.022504926,0.321305573,0.040145598,0.170266211,2020,Europe
442,Italy,28,6.483,1.393,0.94,0.798,0.379,0.047,0.133,2021,Europe
443,Jamaica,65,5.709,0.81038,1.15102,0.68741,0.50442,0.02299,0.2123,2015,North America
444,Jamaica,73,5.51,0.89333,0.96372,0.59469,0.43597,0.04294,0.22245,2016,North America
445,Jamaica,76,5.31099987,0.925579309,1.368218064,0.641022384,0.474307239,0.055267781,0.233818337,2017,North America
446,Jamaica,56,5.89,0.819,1.493,0.693,0.575,0.031,0.096,2018,North America
447,Jamaica,56,5.89,0.831,1.478,0.831,0.49,0.028,0.107,2019,North America
448,Jamaica,60,5.889800072,0.779058397,1.408289194,0.788434088,0.553124607,0.030147785,0.116268493,2020,North America
449,Jamaica,37,6.309,0.891,0.932,0.599,0.618,0.035,0.099,2021,North America
450,Japan,46,5.987,1.27074,1.25712,0.99111,0.49615,0.1806,0.10705,2015,Asia
451,Japan,53,5.921,1.38007,1.06054,0.91491,0.46761,0.18985,0.10224,2016,Asia
452,Japan,51,5.920000076,1.416915178,1.436337829,0.913475871,0.505625546,0.163760737,0.120572768,2017,Asia
453,Japan,54,5.915,1.294,1.462,0.988,0.553,0.15,0.079,2018,Asia
454,Japan,58,5.886,1.327,1.419,1.088,0.445,0.14,0.069,2019,Asia
455,Japan,62,5.870800018,1.26672411,1.332338691,1.072881341,0.495465875,0.181439638,0.03571178,2020,Asia
456,Japan,56,5.94,1.389,0.949,0.838,0.504,0.192,0.02,2021,Asia
457,Jordan,82,5.192,0.90198,1.05392,0.69639,0.40661,0.14293,0.11053,2015,Asia
458,Jordan,80,5.303,0.99673,0.86216,0.60712,0.36023,0.13297,0.14262,2016,Asia
459,Jordan,74,5.335999966,0.991012394,1.239088893,0.604590058,0.418421149,0.119803272,0.17217046,2017,Asia
460,Jordan,90,5.161,0.822,1.265,0.645,0.468,0.134,0.13,2018,Asia
461,Jordan,101,4.906,0.837,1.225,0.815,0.383,0.13,0.11,2019,Asia
462,Jordan,119,4.633399963,0.785179198,1.140118599,0.777624726,0.424855083,0.151878625,0.091494769,2020,Asia
463,Jordan,127,4.395,0.89,0.685,0.583,0.455,0.15,0.079,2021,Asia
464,Kazakhstan,54,5.855,1.12254,1.12241,0.64368,0.51649,0.08454,0.11827,2015,Asia
465,Kazakhstan,54,5.919,1.22943,0.95544,0.57386,0.4052,0.11132,0.15011,2016,Asia
466,Kazakhstan,60,5.818999767,1.28455627,1.384369016,0.606041551,0.437454283,0.119282886,0.201964423,2017,Asia
467,Kazakhstan,60,5.79,1.143,1.516,0.631,0.454,0.121,0.148,2018,Asia
468,Kazakhstan,60,5.809,1.173,1.508,0.729,0.41,0.096,0.146,2019,Asia
469,Kazakhstan,50,6.057899952,1.122594237,1.453267694,0.698788941,0.497432142,0.110463686,0.153713793,2020,Asia
470,Kazakhstan,45,6.152,1.23,1.103,0.527,0.573,0.132,0.143,2021,Asia
471,Kenya,125,4.419,0.36471,0.99876,0.41435,0.42215,0.05839,0.37542,2015,Africa
472,Kenya,122,4.356,0.52267,0.7624,0.30147,0.40576,0.06686,0.41328,2016,Africa
473,Kenya,112,4.552999973,0.560479462,1.067950726,0.30998835,0.452763766,0.064641319,0.444860309,2017,Africa
474,Kenya,124,4.41,0.493,1.048,0.454,0.504,0.055,0.352,2018,Africa
475,Kenya,121,4.509,0.512,0.983,0.581,0.431,0.053,0.372,2019,Africa
476,Kenya,121,4.583000183,0.476413399,0.905077755,0.536312759,0.519180536,0.067201078,0.393902093,2020,Africa
477,Kenya,121,4.607,0.603,0.508,0.385,0.483,0.073,0.375,2021,Africa
478,South Korea,47,5.984,1.24461,0.95774,0.96538,0.33208,0.07857,0.18557,2015,Asia
479,South Korea,57,5.835,1.35948,0.72194,0.88645,0.25168,0.07716,0.18824,2016,Asia
480,South Korea,55,5.837999821,1.401678443,1.128274441,0.900214076,0.257921666,0.063282669,0.206674367,2017,Asia
481,South Korea,57,5.875,1.266,1.204,0.955,0.244,0.051,0.175,2018,Asia
482,South Korea,54,5.895,1.301,1.219,1.036,0.159,0.056,0.175,2019,Asia
483,South Korea,61,5.872399807,1.245300651,1.133560538,1.022542596,0.25935635,0.094596282,0.170303866,2020,Asia
484,South Korea,62,5.845,1.403,0.758,0.801,0.353,0.135,0.134,2021,Asia
485,Kuwait,39,6.295,1.55422,1.16594,0.72492,0.55499,0.25609,0.16228,2015,Asia
486,Kuwait,41,6.239,1.61714,0.87758,0.63569,0.43166,0.23669,0.15965,2016,Asia
487,Kuwait,39,6.105000019,1.632952452,1.259698749,0.632105708,0.496337593,0.21515955,0.228289798,2017,Asia
488,Kuwait,45,6.083,1.474,1.301,0.675,0.554,0.106,0.167,2018,Asia
489,Kuwait,51,6.021,1.5,1.319,0.808,0.493,0.097,0.142,2019,Asia
490,Kuwait,48,6.102099895,1.424833655,1.244779825,0.776468933,0.570261419,0.112814933,0.132751092,2020,Asia
491,Kuwait,47,6.106,1.461,0.857,0.58,0.591,0.13,0.12,2021,Asia
492,Kyrgyzstan,77,5.286,0.47428,1.15115,0.65088,0.43477,0.04232,0.3003,2015,Asia
493,Kyrgyzstan,85,5.185,0.56044,0.95434,0.55449,0.40212,0.04762,0.38432,2016,Asia
494,Kyrgyzstan,98,5.004000187,0.596220076,1.394238591,0.553457797,0.454943389,0.039439179,0.428580374,2017,Asia
495,Kyrgyzstan,92,5.131,0.53,1.416,0.594,0.54,0.035,0.281,2018,Asia
496,Kyrgyzstan,86,5.261,0.551,1.438,0.723,0.508,0.023,0.3,2019,Asia
497,Kyrgyzstan,74,5.541500092,0.513180971,1.341036677,0.680645883,0.614617765,0.030466691,0.30137074,2020,Asia
498,Kyrgyzstan,67,5.744,0.665,0.971,0.501,0.673,0.02,0.266,2021,Asia
499,Latvia,89,5.098,1.11312,1.09562,0.72437,0.29671,0.06332,0.18226,2015,Europe
500,Latvia,68,5.56,1.21788,0.95025,0.63952,0.27996,0.0889,0.17445,2016,Europe
501,Latvia,54,5.849999905,1.260748625,1.404714942,0.638566971,0.325707912,0.073842727,0.153074786,2017,Europe
502,Latvia,53,5.933,1.148,1.454,0.671,0.363,0.066,0.092,2018,Europe
503,Latvia,53,5.94,1.187,1.465,0.812,0.264,0.064,0.075,2019,Europe
504,Latvia,57,5.949999809,1.14139545,1.414398789,0.777902424,0.329198807,0.090391524,0.075407945,2020,Europe
505,Latvia,51,6.032,1.285,1.047,0.587,0.405,0.089,0.082,2021,Europe
506,Lebanon,103,4.839,1.02564,0.80001,0.83947,0.33916,0.04582,0.21854,2015,Asia
507,Lebanon,93,5.129,1.12268,0.64184,0.76171,0.26228,0.03061,0.23693,2016,Asia
508,Lebanon,88,5.224999905,1.074987531,1.129624248,0.735081077,0.288515985,0.03751383,0.264450759,2017,Asia
509,Lebanon,80,5.358,0.965,1.179,0.785,0.503,0.136,0.214,2018,Asia
510,Lebanon,91,5.197,0.987,1.224,0.815,0.216,0.027,0.166,2019,Asia
511,Lebanon,111,4.771500111,0.889232516,1.19249332,0.788671136,0.18551667,0.021518147,0.158524141,2020,Asia
512,Lebanon,123,4.584,1.045,0.868,0.595,0.175,0.026,0.14,2021,Asia
513,Lesotho,97,4.898,0.37545,1.04103,0.07612,0.31767,0.12504,0.16388,2015,Africa
514,Lesotho,139,3.808000088,0.521021247,1.190095186,0.0,0.390661299,0.11909464,0.157497272,2017,Africa
515,Lesotho,141,3.808,0.472,1.215,0.079,0.423,0.112,0.116,2018,Africa
516,Lesotho,144,3.802,0.489,1.169,0.168,0.359,0.093,0.107,2019,Africa
517,Lesotho,143,3.652800083,0.45493874,1.088940024,0.100934811,0.409367532,0.050483823,0.102627642,2020,Africa
518,Lesotho,145,3.512,0.451,0.731,0.007,0.405,0.015,0.103,2021,Africa
519,Liberia,116,4.571,0.0712,0.78968,0.34201,0.28531,0.06232,0.24362,2015,Africa
520,Liberia,150,3.622,0.10706,0.50353,0.23165,0.25748,0.04852,0.24063,2016,Africa
521,Liberia,148,3.532999992,0.119041793,0.872117937,0.229918197,0.332881182,0.038948249,0.266549885,2017,Africa
522,Liberia,149,3.495,0.076,0.858,0.267,0.419,0.03,0.206,2018,Africa
523,Liberia,141,3.975,0.073,0.922,0.443,0.37,0.033,0.233,2019,Africa
524,Liberia,124,4.557899952,0.174103007,0.920733929,0.392284274,0.405943096,0.051139876,0.226967871,2020,Africa
525,Liberia,120,4.625,0.228,0.58,0.253,0.43,0.057,0.221,2021,Africa
526,Libya,63,5.754,1.13145,1.11862,0.7038,0.41668,0.11023,0.18295,2015,Africa
527,Libya,67,5.615,1.06688,0.95076,0.52304,0.40672,0.10339,0.17087,2016,Africa
528,Libya,68,5.525000095,1.101803064,1.35756433,0.52016902,0.46573323,0.09261021,0.152073666,2017,Africa
529,Libya,70,5.566,0.985,1.35,0.553,0.496,0.148,0.116,2018,Africa
530,Libya,72,5.525,1.044,1.303,0.673,0.416,0.152,0.133,2019,Africa
531,Libya,80,5.488800049,1.021913767,1.196283698,0.615626633,0.451354057,0.172258079,0.142757699,2020,Africa
532,Libya,80,5.41,1.044,0.821,0.435,0.474,0.174,0.131,2021,Africa
533,Lithuania,56,5.833,1.14723,1.25745,0.73128,0.21342,0.01031,0.02641,2015,Europe
534,Lithuania,60,5.813,1.2692,1.06411,0.64674,0.18929,0.0182,0.02025,2016,Europe
535,Lithuania,52,5.90199995,1.314582348,1.473516107,0.62894994,0.234231785,0.011865643,0.010164657,2017,Europe
536,Lithuania,50,5.952,1.197,1.527,0.716,0.35,0.006,0.026,2018,Europe
537,Lithuania,42,6.149,1.238,1.515,0.818,0.291,0.042,0.043,2019,Europe
538,Lithuania,41,6.215499878,1.193559647,1.432865739,0.795421183,0.42046079,0.081350274,0.053691041,2020,Europe
539,Lithuania,38,6.255,1.35,1.065,0.612,0.476,0.073,0.056,2021,Europe
540,Luxembourg,17,6.946,1.56391,1.21963,0.91894,0.61583,0.37798,0.28034,2015,Europe
541,Luxembourg,20,6.871,1.69752,1.03999,0.84542,0.5487,0.35329,0.27571,2016,Europe
542,Luxembourg,18,6.862999916,1.741943598,1.457583666,0.845089495,0.596627891,0.318834424,0.283180982,2017,Europe
543,Luxembourg,17,6.91,1.576,1.52,0.896,0.632,0.321,0.196,2018,Europe
544,Luxembourg,14,7.09,1.609,1.479,1.012,0.526,0.316,0.194,2019,Europe
545,Luxembourg,10,7.237500191,1.536676049,1.387528419,0.986442685,0.610137045,0.367041469,0.19595392,2020,Europe
546,Luxembourg,8,7.324,1.751,1.003,0.76,0.639,0.353,0.166,2021,Europe
547,Macedonia,93,5.007,0.91851,1.00232,0.73545,0.33457,0.05327,0.22359,2015,Europe
548,Macedonia,95,5.121,1.0193,0.78236,0.64738,0.27668,0.07047,0.23507,2016,Europe
549,Macedonia,92,5.175000191,1.064577937,1.207893014,0.644948184,0.325905979,0.060277794,0.253760964,2017,Europe
550,Macedonia,89,5.185,0.959,1.239,0.691,0.394,0.052,0.173,2018,Europe
551,Macedonia,90,5.159800053,0.935371995,1.183173537,0.802994132,0.410224587,0.024595059,0.18586354,2020,Europe
552,Madagascar,147,3.681,0.20824,0.66801,0.46721,0.19184,0.08124,0.21333,2015,Africa
553,Madagascar,148,3.695,0.27954,0.46115,0.37109,0.13684,0.07506,0.2204,2016,Africa
554,Madagascar,144,3.644000053,0.305808693,0.913020372,0.375223309,0.189196765,0.067231975,0.20873253,2017,Africa
555,Madagascar,143,3.774,0.262,0.908,0.402,0.221,0.049,0.155,2018,Africa
556,Madagascar,143,3.933,0.274,0.916,0.555,0.148,0.041,0.169,2019,Africa
557,Madagascar,137,4.165599823,0.244553208,0.823694348,0.500617027,0.192967549,0.076248638,0.191190064,2020,Africa
558,Madagascar,135,4.208,0.266,0.503,0.341,0.207,0.087,0.185,2021,Africa
559,Malawi,131,4.292,0.01604,0.41134,0.22562,0.43054,0.06977,0.33128,2015,Africa
560,Malawi,132,4.156,0.08709,0.147,0.29364,0.4143,0.07564,0.30968,2016,Africa
561,Malawi,136,3.970000029,0.233442038,0.512568831,0.315089583,0.466914654,0.072711654,0.28717047,2017,Africa
562,Malawi,147,3.587,0.186,0.541,0.306,0.531,0.08,0.21,2018,Africa
563,Malawi,150,3.41,0.191,0.56,0.495,0.443,0.089,0.218,2019,Africa
564,Malawi,145,3.538000107,0.176534727,0.53036809,0.446163297,0.487389833,0.131633952,0.213185057,2020,Africa
565,Malawi,144,3.6,0.113,0.168,0.298,0.484,0.134,0.213,2021,Africa
566,Malaysia,61,5.77,1.12486,1.07023,0.72394,0.53024,0.10501,0.33075,2015,Asia
567,Malaysia,47,6.005,1.25142,0.88025,0.62366,0.39031,0.09081,0.41474,2016,Asia
568,Malaysia,42,6.084000111,1.29121542,1.284646034,0.618784428,0.402264982,0.065600708,0.41660893,2017,Asia
569,Malaysia,35,6.322,1.161,1.258,0.669,0.356,0.059,0.311,2018,Asia
570,Malaysia,80,5.339,1.221,1.171,0.828,0.508,0.024,0.26,2019,Asia
571,Malaysia,82,5.384300232,1.168421626,1.17400229,0.788511872,0.596941531,0.062163133,0.274886161,2020,Asia
572,Malaysia,81,5.384,1.259,0.797,0.587,0.624,0.064,0.27,2021,Asia
573,Maldives,87,5.197599888,0.937864304,1.402287602,0.914439559,0.548203647,0.071906492,0.224198252,2020,Asia
574,Maldives,89,5.198,1.115,1.015,0.697,0.575,0.073,0.204,2021,Asia
575,Mali,138,3.995,0.26074,1.03526,0.20583,0.38857,0.12352,0.18798,2015,Africa
576,Mali,135,4.073,0.31292,0.86333,0.16347,0.27544,0.13647,0.21064,2016,Africa
577,Mali,127,4.190000057,0.476180494,1.281473398,0.169365674,0.306613743,0.104970247,0.183354199,2017,Africa
578,Mali,118,4.447,0.37,1.233,0.152,0.367,0.056,0.139,2018,Africa
579,Mali,128,4.39,0.385,1.105,0.308,0.327,0.052,0.153,2019,Africa
580,Mali,114,4.729300022,0.352462649,0.97314173,0.234981522,0.377534449,0.062146276,0.16966705,2020,Africa
581,Mali,117,4.723,0.387,0.59,0.11,0.384,0.072,0.164,2021,Africa
582,Malta,37,6.302,1.2074,1.30203,0.88721,0.60365,0.13586,0.51752,2015,Europe
583,Malta,30,6.488,1.30782,1.09879,0.80315,0.54994,0.17554,0.56237,2016,Europe
584,Malta,27,6.52699995,1.343279839,1.488411665,0.821944237,0.588767052,0.153066069,0.574730575,2017,Europe
585,Malta,22,6.627,1.27,1.525,0.884,0.645,0.142,0.376,2018,Europe
586,Malta,22,6.726,1.3,1.52,0.999,0.564,0.151,0.375,2019,Europe
587,Malta,22,6.772799969,1.252513289,1.442956924,0.972042024,0.633239031,0.178864077,0.341180831,2020,Europe
588,Malta,23,6.602,1.411,1.055,0.747,0.664,0.183,0.275,2021,Europe
589,Mauritania,124,4.436,0.45407,0.86908,0.35874,0.24232,0.17461,0.219,2015,Africa
590,Mauritania,130,4.201,0.61391,0.84142,0.28639,0.1268,0.17955,0.22686,2016,Africa
591,Mauritania,123,4.291999817,0.648457289,1.27203083,0.28534928,0.096098043,0.136957005,0.201870024,2017,Africa
592,Mauritania,126,4.356,0.557,1.245,0.292,0.129,0.093,0.134,2018,Africa
593,Mauritania,122,4.49,0.57,1.167,0.489,0.066,0.088,0.106,2019,Africa
594,Mauritania,129,4.374599934,0.539684892,1.113323569,0.425184816,0.185714483,0.122257635,0.128899664,2020,Africa
595,Mauritania,134,4.227,0.666,0.749,0.273,0.218,0.133,0.119,2021,Africa
596,Mauritius,71,5.477,1.00761,0.98521,0.7095,0.56066,0.07521,0.37744,2015,Africa
597,Mauritius,66,5.648,1.14372,0.75695,0.66189,0.46145,0.05203,0.36951,2016,Africa
598,Mauritius,64,5.629000187,1.189395547,1.20956099,0.638007462,0.491247326,0.042181555,0.360933751,2017,Africa
599,Mauritius,55,5.891,1.09,1.387,0.684,0.584,0.05,0.245,2018,Africa
600,Mauritius,57,5.888,1.12,1.402,0.798,0.498,0.06,0.215,2019,Africa
601,Mauritius,49,6.101299763,1.07366395,1.395666838,0.763389409,0.590838134,0.084088229,0.186894551,2020,Africa
602,Mauritius,50,6.049,1.178,0.996,0.574,0.59,0.096,0.153,2021,Africa
603,Mexico,14,7.187,1.02054,0.91451,0.81444,0.48181,0.21312,0.14074,2015,North America
604,Mexico,21,6.778,1.11508,0.7146,0.71143,0.37709,0.18355,0.11735,2016,North America
605,Mexico,25,6.578000069,1.153183818,1.21086216,0.709978998,0.412730008,0.132774115,0.120990433,2017,North America
606,Mexico,24,6.488,1.038,1.252,0.761,0.479,0.095,0.069,2018,North America
607,Mexico,23,6.595,1.07,1.323,0.861,0.433,0.073,0.074,2019,North America
608,Mexico,24,6.465000153,1.024387479,1.226333499,0.831601024,0.553892553,0.083133668,0.083094485,2020,North America
609,Mexico,36,6.317,1.126,0.83,0.634,0.585,0.089,0.092,2021,North America
610,Mongolia,100,4.874,0.82819,1.3006,0.60268,0.43626,0.02666,0.3323,2015,Asia
611,Mongolia,101,4.907,0.98853,1.08983,0.55469,0.35972,0.03285,0.34539,2016,Asia
612,Mongolia,100,4.954999924,1.027235866,1.493011236,0.557783484,0.394143969,0.032902289,0.33846423,2017,Asia
613,Mongolia,94,5.125,0.914,1.517,0.575,0.395,0.032,0.253,2018,Asia
614,Mongolia,83,5.285,0.948,1.531,0.667,0.317,0.038,0.235,2019,Asia
615,Mongolia,81,5.456200123,0.904872775,1.458930612,0.615788162,0.355703115,0.046533126,0.263885736,2020,Asia
616,Mongolia,70,5.677,0.966,1.065,0.442,0.397,0.053,0.263,2021,Asia
617,Montenegro,82,5.192,0.97438,0.90557,0.72521,0.1826,0.14296,0.1614,2015,Europe
618,Montenegro,88,5.161,1.07838,0.74173,0.63533,0.15111,0.12721,0.17191,2016,Europe
619,Montenegro,83,5.236999989,1.121129036,1.238376498,0.667464674,0.194989055,0.088174194,0.197911024,2017,Europe
620,Montenegro,81,5.347,1.017,1.279,0.729,0.259,0.081,0.111,2018,Europe
621,Montenegro,73,5.523,1.051,1.361,0.871,0.197,0.08,0.142,2019,Europe
622,Montenegro,72,5.54610014,1.010150075,1.265657902,0.839028895,0.303223848,0.098435111,0.14901033,2020,Europe
623,Montenegro,72,5.581,1.155,0.891,0.637,0.397,0.081,0.166,2021,Europe
624,Morocco,92,5.013,0.73479,0.64095,0.60954,0.41691,0.08546,0.07172,2015,Africa
625,Morocco,90,5.151,0.84058,0.38595,0.59471,0.25646,0.08404,0.04053,2016,Africa
626,Morocco,84,5.235000134,0.878114581,0.774864435,0.597710669,0.408158332,0.087763183,0.032209955,2017,Africa
627,Morocco,85,5.254,0.779,0.797,0.669,0.46,0.074,0.026,2018,Africa
628,Morocco,89,5.208,0.801,0.782,0.782,0.418,0.076,0.036,2019,Africa
629,Morocco,97,5.094799995,0.75862211,0.645208478,0.745096922,0.450054139,0.077385604,0.040032551,2020,Africa
630,Morocco,106,4.918,0.792,0.219,0.558,0.477,0.088,0.034,2021,Africa
631,Mozambique,94,4.971,0.08308,1.02626,0.09131,0.34037,0.15603,0.22269,2015,Africa
632,Mozambique,113,4.550000191,0.23430565,0.870701015,0.106654435,0.480791092,0.179436386,0.322228104,2017,Africa
633,Mozambique,123,4.417,0.198,0.902,0.173,0.531,0.158,0.206,2018,Africa
634,Mozambique,123,4.466,0.204,0.986,0.39,0.494,0.138,0.197,2019,Africa
635,Mozambique,120,4.623600006,0.178741366,0.955202878,0.324223638,0.56077534,0.163064316,0.220422104,2020,Africa
636,Mozambique,115,4.794,0.183,0.634,0.196,0.608,0.163,0.228,2021,Africa
637,Myanmar,129,4.307,0.27108,0.70905,0.48246,0.44017,0.19034,0.79588,2015,Asia
638,Myanmar,119,4.395,0.34112,0.69981,0.3988,0.42692,0.20243,0.81971,2016,Asia
639,Myanmar,114,4.545000076,0.36711055,1.123235941,0.397522569,0.514492035,0.188816205,0.838075161,2017,Asia
640,Myanmar,130,4.308,0.682,1.174,0.429,0.58,0.178,0.598,2018,Asia
641,Myanmar,131,4.36,0.71,1.181,0.555,0.525,0.172,0.566,2019,Asia
642,Myanmar,133,4.308000088,0.67809093,1.098178267,0.495443076,0.597478867,0.187530354,0.569813728,2020,Asia
643,Myanmar,126,4.426,0.666,0.713,0.341,0.601,0.178,0.52,2021,Asia
644,Namibia,113,4.574,0.93287,0.70362,0.34745,0.48614,0.10398,0.07795,2016,Africa
645,Namibia,111,4.573999882,0.964434326,1.098470807,0.338611811,0.520303547,0.093146972,0.077133745,2017,Africa
646,Namibia,119,4.441,0.874,1.281,0.365,0.519,0.064,0.051,2018,Africa
647,Namibia,113,4.639,0.879,1.313,0.477,0.401,0.056,0.07,2019,Africa
648,Namibia,122,4.571100235,0.84008199,1.245738149,0.40687117,0.444598973,0.054320343,0.076454483,2020,Africa
649,Namibia,124,4.574,0.882,0.801,0.262,0.411,0.059,0.091,2021,Africa
650,Nepal,121,4.514,0.35997,0.86449,0.56874,0.38282,0.05907,0.32296,2015,Asia
651,Nepal,107,4.793,0.44626,0.69699,0.50073,0.37012,0.07008,0.3816,2016,Asia
652,Nepal,99,4.961999893,0.479820192,1.179283261,0.504130781,0.440305948,0.072975546,0.394096166,2017,Asia
653,Nepal,101,4.88,0.425,1.228,0.539,0.526,0.078,0.302,2018,Asia
654,Nepal,100,4.913,0.446,1.226,0.677,0.439,0.089,0.285,2019,Asia
655,Nepal,92,5.137199879,0.444050372,1.100789309,0.66887939,0.480608255,0.127502963,0.300971806,2020,Asia
656,Nepal,87,5.269,0.519,0.702,0.496,0.488,0.135,0.287,2021,Asia
657,Netherlands,7,7.378,1.32944,1.28017,0.89284,0.61576,0.31814,0.4761,2015,Europe
658,Netherlands,7,7.339,1.46468,1.02912,0.81231,0.55211,0.29927,0.47416,2016,Europe
659,Netherlands,6,7.376999855,1.503944635,1.428939223,0.810696125,0.585384488,0.282661825,0.47048983,2017,Europe
660,Netherlands,6,7.441,1.361,1.488,0.878,0.638,0.295,0.333,2018,Europe
661,Netherlands,5,7.488,1.396,1.522,0.999,0.557,0.298,0.322,2019,Europe
662,Netherlands,6,7.448900223,1.338946342,1.463645935,0.975675344,0.61362648,0.368569762,0.336317569,2020,Europe
663,Netherlands,5,7.464,1.501,1.079,0.753,0.647,0.384,0.302,2021,Europe
664,New Zealand,9,7.286,1.25018,1.31967,0.90837,0.63938,0.42922,0.47501,2015,Oceania
665,New Zealand,8,7.334,1.36066,1.17278,0.83096,0.58147,0.41904,0.49401,2016,Oceania
666,New Zealand,8,7.31400013,1.405706048,1.548195124,0.816759706,0.61406213,0.382816702,0.500005126,2017,Oceania
667,New Zealand,8,7.324,1.268,1.601,0.876,0.669,0.389,0.365,2018,Oceania
668,New Zealand,8,7.307,1.303,1.557,1.026,0.585,0.38,0.33,2019,Oceania
669,New Zealand,8,7.299600124,1.242317915,1.48721838,1.008138299,0.646789908,0.461268276,0.325726211,2020,Oceania
670,New Zealand,9,7.277,1.4,1.094,0.785,0.665,0.445,0.276,2021,Oceania
671,Nicaragua,57,5.828,0.59325,1.14184,0.74314,0.55475,0.19317,0.27815,2015,North America
672,Nicaragua,48,5.992,0.69384,0.89521,0.65213,0.46582,0.16292,0.29773,2016,North America
673,Nicaragua,43,6.071000099,0.737299204,1.28721571,0.653095961,0.447551847,0.130687982,0.301674217,2017,North America
674,Nicaragua,41,6.141,0.668,1.319,0.7,0.527,0.128,0.208,2018,North America
675,Nicaragua,45,6.105,0.694,1.325,0.835,0.435,0.127,0.2,2019,North America
676,Nicaragua,46,6.13710022,0.620033145,1.27081275,0.803093255,0.560117304,0.174084574,0.212871477,2020,North America
677,Nicaragua,55,5.972,0.693,0.904,0.604,0.553,0.176,0.201,2021,North America
678,Niger,144,3.845,0.0694,0.77265,0.29707,0.47692,0.15639,0.19387,2015,Africa
679,Niger,142,3.856,0.1327,0.6053,0.26162,0.38041,0.17176,0.2097,2016,Africa
680,Niger,135,4.027999878,0.161925331,0.993025005,0.268505007,0.363658696,0.138572946,0.228673846,2017,Africa
681,Niger,134,4.166,0.131,0.867,0.221,0.39,0.099,0.175,2018,Africa
682,Niger,114,4.628,0.138,0.774,0.366,0.318,0.102,0.188,2019,Africa
683,Niger,103,4.909599781,0.108330332,0.703800142,0.298816353,0.435311615,0.137554765,0.208176896,2020,Africa
684,Niger,96,5.074,0.162,0.402,0.167,0.516,0.157,0.2,2021,Africa
685,Nigeria,78,5.268,0.65435,0.90432,0.16007,0.34334,0.0403,0.27233,2015,Africa
686,Nigeria,103,4.875,0.75216,0.64498,0.05108,0.27854,0.0305,0.23219,2016,Africa
687,Nigeria,95,5.073999882,0.783756256,1.215770483,0.05691573,0.394952565,0.026121566,0.230947196,2017,Africa
688,Nigeria,91,5.155,0.689,1.172,0.048,0.462,0.032,0.201,2018,Africa
689,Nigeria,85,5.265,0.696,1.111,0.245,0.426,0.041,0.215,2019,Africa
690,Nigeria,115,4.724100113,0.645901859,0.986717939,0.167835936,0.435079455,0.047589935,0.221328124,2020,Africa
691,Nigeria,116,4.759,0.663,0.625,0.051,0.433,0.039,0.212,2021,Africa
692,Norway,4,7.522,1.459,1.33095,0.88521,0.66973,0.36503,0.34699,2015,Europe
693,Norway,4,7.498,1.57744,1.1269,0.79579,0.59609,0.35776,0.37895,2016,Europe
694,Norway,1,7.537000179,1.616463184,1.53352356,0.796666503,0.635422587,0.315963835,0.362012237,2017,Europe
695,Norway,2,7.594,1.456,1.582,0.861,0.686,0.34,0.286,2018,Europe
696,Norway,3,7.554,1.488,1.582,1.028,0.603,0.341,0.271,2019,Europe
697,Norway,5,7.487999916,1.42420733,1.495172501,1.008071899,0.670200884,0.434100568,0.287985086,2020,Europe
698,Norway,6,7.392,1.543,1.108,0.782,0.703,0.427,0.249,2021,Europe
699,Oman,22,6.853,1.36011,1.08182,0.76276,0.63274,0.32524,0.21542,2015,Asia
700,Pakistan,81,5.194,0.59543,0.41411,0.51466,0.12102,0.10464,0.33671,2015,Asia
701,Pakistan,92,5.132,0.68816,0.26135,0.40306,0.14622,0.1388,0.31185,2016,Asia
702,Pakistan,80,5.269000053,0.726883531,0.67269069,0.402047783,0.235215262,0.124348067,0.315446019,2017,Asia
703,Pakistan,75,5.472,0.652,0.81,0.424,0.334,0.113,0.216,2018,Asia
704,Pakistan,67,5.653,0.677,0.886,0.535,0.313,0.098,0.22,2019,Asia
705,Pakistan,66,5.69329977,0.616799474,0.872979581,0.469933242,0.405421734,0.122592121,0.228705063,2020,Asia
706,Pakistan,105,4.934,0.637,0.423,0.322,0.418,0.097,0.252,2021,Asia
707,Panama,25,6.786,1.06353,1.1985,0.79661,0.5421,0.0927,0.24434,2015,North America
708,Panama,25,6.701,1.18306,0.98912,0.70835,0.48927,0.08423,0.2418,2016,North America
709,Panama,30,6.452000141,1.233748436,1.373192549,0.706156135,0.550026834,0.070983924,0.210556939,2017,North America
710,Panama,27,6.43,1.112,1.438,0.759,0.597,0.063,0.125,2018,North America
711,Panama,31,6.321,1.149,1.442,0.91,0.516,0.054,0.109,2019,North America
712,Panama,36,6.304800034,1.097667813,1.376149297,0.878546536,0.57984978,0.054230526,0.097207308,2020,North America
713,Panama,41,6.18,1.298,0.976,0.667,0.596,0.053,0.079,2021,North America
714,Paraguay,53,5.878,0.75985,1.30477,0.66098,0.53899,0.08242,0.3424,2015,South America
715,Paraguay,70,5.538,0.89373,1.11111,0.58295,0.46235,0.07396,0.25296,2016,South America
716,Paraguay,70,5.493000031,0.932537317,1.50728488,0.579250693,0.473507792,0.091065913,0.224150658,2017,South America
717,Paraguay,64,5.681,0.835,1.522,0.615,0.541,0.074,0.162,2018,South America
718,Paraguay,63,5.743,0.855,1.475,0.777,0.514,0.08,0.184,2019,South America
719,Paraguay,67,5.692100048,0.897990823,1.36819756,0.735869646,0.586510062,0.065077379,0.204299241,2020,South America
720,Paraguay,71,5.653,0.983,0.97,0.549,0.602,0.037,0.206,2021,South America
721,Peru,58,5.824,0.90019,0.97459,0.73017,0.41496,0.05989,0.14982,2015,South America
722,Peru,64,5.743,0.99602,0.81255,0.62994,0.37502,0.05292,0.14527,2016,South America
723,Peru,63,5.715000153,1.035225272,1.218770385,0.630166113,0.450002879,0.047049087,0.126819715,2017,South America
724,Peru,65,5.663,0.934,1.249,0.674,0.53,0.034,0.092,2018,South America
725,Peru,65,5.697,0.96,1.274,0.854,0.455,0.027,0.083,2019,South America
726,Peru,63,5.796800137,0.91854918,1.208405972,0.824444175,0.513210058,0.02703266,0.091611817,2020,South America
727,Peru,63,5.84,0.986,0.833,0.623,0.536,0.031,0.087,2021,South America
728,Philippines,90,5.073,0.70532,1.03516,0.58114,0.62545,0.12279,0.24991,2015,Asia
729,Philippines,82,5.279,0.81217,0.87877,0.47036,0.54854,0.11757,0.21674,2016,Asia
730,Philippines,72,5.429999828,0.857699215,1.253917575,0.468009055,0.585214674,0.099331893,0.193513423,2017,Asia
731,Philippines,71,5.524,0.775,1.312,0.513,0.643,0.105,0.12,2018,Asia
732,Philippines,69,5.631,0.807,1.293,0.657,0.558,0.107,0.117,2019,Asia
733,Philippines,52,6.006000042,0.775120676,1.245381713,0.602189481,0.621915162,0.130385727,0.129260212,2020,Asia
734,Philippines,61,5.88,0.853,0.828,0.426,0.651,0.126,0.125,2021,Asia
735,Poland,60,5.791,1.12555,1.27948,0.77903,0.53122,0.04212,0.16759,2015,Europe
736,Poland,57,5.835,1.24585,1.04685,0.69058,0.4519,0.055,0.14443,2016,Europe
737,Poland,46,5.97300005,1.291787863,1.44571197,0.699475348,0.520342112,0.059307806,0.158465967,2017,Europe
738,Poland,42,6.123,1.176,1.448,0.781,0.546,0.064,0.108,2018,Europe
739,Poland,40,6.182,1.206,1.438,0.884,0.483,0.05,0.117,2019,Europe
740,Poland,43,6.186299801,1.16922915,1.310399771,0.868038476,0.557903528,0.160541251,0.063374244,2020,Europe
741,Poland,44,6.166,1.309,0.982,0.668,0.558,0.13,0.08,2021,Europe
742,Portugal,88,5.102,1.15991,1.13935,0.87519,0.51469,0.01078,0.13719,2015,Europe
743,Portugal,94,5.123,1.27607,0.94367,0.79363,0.44727,0.01521,0.11691,2016,Europe
744,Portugal,89,5.195000172,1.315175295,1.367043018,0.795843542,0.4984653,0.015869452,0.095102713,2017,Europe
745,Portugal,77,5.41,1.188,1.429,0.884,0.562,0.017,0.055,2018,Europe
746,Portugal,66,5.693,1.221,1.431,0.999,0.508,0.025,0.047,2019,Europe
747,Portugal,59,5.910900116,1.168800831,1.339530349,0.979315281,0.589895189,0.027733466,0.053036947,2020,Europe
748,Portugal,58,5.929,1.323,0.939,0.76,0.621,0.033,0.029,2021,Europe
749,Puerto Rico,15,7.039,1.35943,1.08113,0.77758,0.46823,0.12275,0.22202,2016,South America
750,Qatar,28,6.611,1.69042,1.0786,0.79733,0.6404,0.52208,0.32573,2015,Asia
751,Qatar,36,6.375,1.82427,0.87964,0.71723,0.56679,0.48049,0.32388,2016,Asia
752,Qatar,35,6.375,1.870765686,1.27429688,0.710098088,0.604130983,0.439299256,0.33047387,2017,Asia
753,Qatar,32,6.374,1.649,1.303,0.748,0.654,0.171,0.256,2018,Asia
754,Qatar,29,6.374,1.684,1.313,0.871,0.555,0.167,0.22,2019,Asia
755,Romania,86,5.124,1.04345,0.88588,0.7689,0.35068,0.00649,0.13748,2015,Europe
756,Romania,71,5.528,1.1697,0.72803,0.67602,0.36712,0.00679,0.12889,2016,Europe
757,Romania,57,5.824999809,1.217683911,1.15009129,0.685158312,0.457003742,0.004387901,0.133519918,2017,Europe
758,Romania,52,5.945,1.116,1.219,0.726,0.528,0.001,0.088,2018,Europe
759,Romania,48,6.07,1.162,1.232,0.825,0.462,0.005,0.083,2019,Europe
760,Romania,47,6.123700142,1.120401621,1.1944381,0.79229486,0.534852326,0.000829569,0.068181619,2020,Europe
761,Romania,46,6.14,1.275,0.832,0.595,0.564,0.001,0.045,2021,Europe
762,Russia,64,5.716,1.13764,1.23617,0.66926,0.36679,0.03005,0.00199,2015,Asia
763,Russia,56,5.856,1.23228,1.05261,0.58991,0.32682,0.03586,0.02736,2016,Asia
764,Russia,49,5.962999821,1.281778097,1.469282389,0.547349334,0.373783112,0.032962881,0.052263822,2017,Asia
765,Russia,59,5.81,1.151,1.479,0.599,0.399,0.025,0.065,2018,Asia
766,Russia,68,5.648,1.183,1.452,0.726,0.334,0.031,0.082,2019,Asia
767,Russia,73,5.546000004,1.126999617,1.378644109,0.68044591,0.399499595,0.045699362,0.099041916,2020,Asia
768,Russia,76,5.477,1.241,0.992,0.511,0.409,0.06,0.115,2021,Asia
769,Rwanda,154,3.465,0.22208,0.7737,0.42864,0.59201,0.55191,0.22628,2015,Africa
770,Rwanda,152,3.515,0.32846,0.61586,0.31865,0.5432,0.50521,0.23552,2016,Africa
771,Rwanda,151,3.470999956,0.368745893,0.945707023,0.326424807,0.581843853,0.455220014,0.252756029,2017,Africa
772,Rwanda,151,3.408,0.332,0.896,0.4,0.636,0.444,0.2,2018,Africa
773,Rwanda,152,3.334,0.359,0.711,0.614,0.555,0.411,0.217,2019,Africa
774,Rwanda,150,3.312299967,0.343242675,0.522876322,0.572383285,0.604087889,0.485542476,0.235704988,2020,Africa
775,Rwanda,147,3.415,0.364,0.202,0.407,0.627,0.493,0.227,2021,Africa
776,Saudi Arabia,35,6.411,1.39541,1.08393,0.72025,0.31048,0.32524,0.13706,2015,Asia
777,Saudi Arabia,34,6.379,1.48953,0.84829,0.59267,0.37904,0.30008,0.15457,2016,Asia
778,Saudi Arabia,37,6.343999863,1.530623555,1.286677599,0.59014833,0.449750572,0.273432255,0.147616014,2017,Asia
779,Saudi Arabia,33,6.371,1.379,1.331,0.633,0.509,0.127,0.098,2018,Asia
780,Saudi Arabia,28,6.375,1.403,1.357,0.795,0.439,0.132,0.08,2019,Asia
781,Saudi Arabia,27,6.406499863,1.334328532,1.309950113,0.759818137,0.548477471,0.163322315,0.087440684,2020,Asia
782,Saudi Arabia,26,6.494,1.435,0.964,0.571,0.603,0.163,0.09,2021,Asia
783,Senegal,142,3.904,0.36498,0.97619,0.4354,0.36772,0.10713,0.20843,2015,Africa
784,Senegal,128,4.219,0.44314,0.77416,0.40457,0.31056,0.11681,0.19103,2016,Africa
785,Senegal,115,4.534999847,0.479309022,1.179691911,0.409362853,0.377922267,0.115460448,0.183468893,2017,Africa
786,Senegal,109,4.631,0.429,1.117,0.433,0.406,0.082,0.138,2018,Africa
787,Senegal,111,4.681,0.45,1.134,0.571,0.292,0.072,0.153,2019,Africa
788,Senegal,101,4.980800152,0.504061818,0.95459342,0.518391907,0.352400899,0.081865937,0.164397135,2020,Africa
789,Senegal,92,5.132,0.518,0.558,0.357,0.381,0.088,0.158,2021,Africa
790,Serbia,87,5.123,0.92053,1.00964,0.74836,0.20107,0.02617,0.19231,2015,Europe
791,Serbia,86,5.177,1.03437,0.81329,0.6458,0.15718,0.04339,0.20737,2016,Europe
792,Serbia,73,5.394999981,1.069317579,1.258189797,0.650784671,0.208715528,0.040903781,0.220125884,2017,Europe
793,Serbia,78,5.398,0.975,1.369,0.685,0.288,0.043,0.134,2018,Europe
794,Serbia,70,5.603,1.004,1.383,0.854,0.282,0.039,0.137,2019,Europe
795,Serbia,64,5.77820015,0.988181829,1.327448964,0.828403294,0.395428419,0.059447147,0.15028289,2020,Europe
796,Serbia,48,6.078,1.101,0.924,0.634,0.482,0.066,0.189,2021,Europe
797,Sierra Leone,123,4.507,0.33024,0.95571,0.0,0.4084,0.08786,0.21488,2015,Africa
798,Sierra Leone,111,4.635,0.36485,0.628,0.0,0.30685,0.08196,0.23897,2016,Africa
799,Sierra Leone,106,4.709000111,0.368420929,0.984136045,0.005564754,0.318697691,0.071095176,0.293040901,2017,Africa
800,Sierra Leone,113,4.571,0.256,0.813,0.0,0.355,0.053,0.238,2018,Africa
801,Sierra Leone,129,4.374,0.268,0.841,0.242,0.309,0.045,0.252,2019,Africa
802,Sierra Leone,139,3.926399946,0.240560383,0.747984946,0.203953966,0.382027686,0.047940936,0.257647008,2020,Africa
803,Sierra Leone,138,3.849,0.279,0.377,0.1,0.408,0.047,0.243,2021,Africa
804,Singapore,24,6.798,1.52186,1.02,1.02525,0.54252,0.4921,0.31105,2015,Asia
805,Singapore,22,6.739,1.64555,0.86758,0.94719,0.4877,0.46987,0.32706,2016,Asia
806,Singapore,26,6.572000027,1.69227767,1.353814363,0.949492395,0.549840569,0.464307785,0.345965981,2017,Asia
807,Singapore,34,6.343,1.529,1.451,1.008,0.631,0.457,0.261,2018,Asia
808,Singapore,34,6.262,1.572,1.463,1.141,0.556,0.453,0.271,2019,Asia
809,Singapore,31,6.377099991,1.519580126,1.39545691,1.137814283,0.635317206,0.533162236,0.218770906,2020,Asia
810,Singapore,32,6.377,1.695,1.019,0.897,0.664,0.547,0.176,2021,Asia
811,Slovakia,45,5.995,1.16891,1.26999,0.78902,0.31751,0.03431,0.16893,2015,Europe
812,Slovakia,45,6.078,1.27973,1.08268,0.70367,0.23391,0.02947,0.13837,2016,Europe
813,Slovakia,40,6.09800005,1.325393558,1.505059242,0.712732911,0.295817465,0.024210852,0.136544481,2017,Europe
814,Slovakia,39,6.173,1.21,1.537,0.776,0.354,0.014,0.118,2018,Europe
815,Slovakia,38,6.198,1.246,1.504,0.881,0.334,0.014,0.121,2019,Europe
816,Slovakia,37,6.280600071,1.194837689,1.424331188,0.853465259,0.423542529,0.011291441,0.116729774,2020,Europe
817,Slovakia,34,6.331,1.304,1.066,0.653,0.468,0.018,0.107,2021,Europe
818,Slovenia,55,5.848,1.18498,1.27385,0.87337,0.60855,0.03787,0.25328,2015,Europe
819,Slovenia,63,5.768,1.29947,1.05613,0.79151,0.53164,0.03635,0.25738,2016,Europe
820,Slovenia,62,5.757999897,1.341205955,1.452518821,0.790828228,0.572575808,0.045128979,0.242649093,2017,Europe
821,Slovenia,51,5.948,1.219,1.506,0.856,0.633,0.051,0.16,2018,Europe
822,Slovenia,44,6.118,1.258,1.523,0.953,0.564,0.057,0.144,2019,Europe
823,Slovenia,33,6.363399982,1.208652496,1.464677691,0.932548046,0.646700144,0.076516323,0.145701498,2020,Europe
824,Slovenia,29,6.461,1.36,1.093,0.722,0.69,0.085,0.122,2021,Europe
825,Somalia,76,5.44,0.0,0.33613,0.11466,0.56778,0.3118,0.27225,2016,Africa
826,Somalia,93,5.151000023,0.022643184,0.721151352,0.113989137,0.602126956,0.282410324,0.291631311,2017,Africa
827,Somalia,98,4.982,0.0,0.712,0.115,0.674,0.282,0.238,2018,Africa
828,Somalia,112,4.668,0.0,0.698,0.268,0.559,0.27,0.243,2019,Africa
829,South Africa,113,4.642,0.92049,1.18468,0.27688,0.33207,0.08884,0.11973,2015,Africa
830,South Africa,116,4.459,1.02416,0.96053,0.18611,0.42483,0.08415,0.13656,2016,Africa
831,South Africa,101,4.828999996,1.054698706,1.384788632,0.18708007,0.479246736,0.072509497,0.13936238,2017,Africa
832,South Africa,105,4.724,0.94,1.41,0.33,0.516,0.056,0.103,2018,Africa
833,South Africa,106,4.722,0.96,1.351,0.469,0.389,0.055,0.13,2019,Africa
834,South Africa,109,4.814099789,0.902140439,1.259086251,0.407034069,0.43478182,0.05950214,0.126406848,2020,Africa
835,South Africa,103,4.956,0.967,0.895,0.265,0.447,0.051,0.144,2021,Africa
836,South Sudan,143,3.832,0.39394,0.18519,0.15781,0.19662,0.13015,0.25899,2016,Africa
837,South Sudan,147,3.59100008,0.397248626,0.601323128,0.163486004,0.147062436,0.116793513,0.285670817,2017,Africa
838,South Sudan,154,3.254,0.337,0.608,0.177,0.112,0.106,0.224,2018,Africa
839,South Sudan,156,2.853,0.306,0.575,0.295,0.01,0.091,0.202,2019,Africa
840,South Sudan,152,2.816600084,0.289082974,0.553278506,0.208809033,0.065609254,0.111156799,0.209934607,2020,Africa
841,Spain,36,6.329,1.23011,1.31379,0.95562,0.45951,0.06398,0.18227,2015,Europe
842,Spain,37,6.361,1.34253,1.12945,0.87896,0.37545,0.06137,0.17665,2016,Europe
843,Spain,34,6.402999878,1.384397864,1.532090902,0.8889606,0.40878123,0.070914097,0.190133572,2017,Europe
844,Spain,36,6.31,1.251,1.538,0.965,0.449,0.074,0.142,2018,Europe
845,Spain,30,6.354,1.286,1.484,1.062,0.362,0.079,0.153,2019,Europe
846,Spain,28,6.400899887,1.230535269,1.421099186,1.051343083,0.425983816,0.109579779,0.16530548,2020,Europe
847,Spain,27,6.491,1.375,1.057,0.826,0.462,0.124,0.135,2021,Europe
848,Sri Lanka,132,4.271,0.83524,1.01905,0.70806,0.53726,0.09179,0.40828,2015,Asia
849,Sri Lanka,117,4.415,0.97318,0.84783,0.62007,0.50817,0.07964,0.46978,2016,Asia
850,Sri Lanka,120,4.440000057,1.009850144,1.259976387,0.625130832,0.561213255,0.073653966,0.490863562,2017,Asia
851,Sri Lanka,116,4.471,0.918,1.314,0.672,0.585,0.05,0.307,2018,Asia
852,Sri Lanka,130,4.366,0.949,1.265,0.831,0.47,0.047,0.244,2019,Asia
853,Sri Lanka,130,4.327000141,0.897986948,1.19494009,0.792036712,0.528632462,0.049444564,0.252666146,2020,Asia
854,Sri Lanka,129,4.325,0.99,0.82,0.593,0.559,0.049,0.239,2021,Asia
855,Sudan,118,4.55,0.52107,1.01404,0.36878,0.10081,0.1466,0.19062,2015,Africa
856,Sudan,133,4.139,0.63069,0.81928,0.29759,0.0,0.10039,0.18077,2016,Africa
857,Sudan,130,4.138999939,0.659516692,1.21400857,0.290920824,0.014995855,0.08984752,0.182317451,2017,Africa
858,Sudan,137,4.139,0.605,1.24,0.312,0.016,0.082,0.134,2018,Africa
859,Suriname,40,6.269,0.99534,0.972,0.6082,0.59657,0.13633,0.16991,2015,South America
860,Suriname,40,6.269,1.09686,0.77866,0.50933,0.52234,0.12692,0.16665,2016,South America
861,Swaziland,101,4.867,0.71206,1.07284,0.07566,0.30658,0.0306,0.18259,2015,Africa
862,Swaziland,135,4.212,0.811,1.149,0.0,0.313,0.135,0.074,2019,Africa
863,Swaziland,132,4.308100224,0.827539742,1.064835191,0.215585828,0.299935788,0.146765873,0.067264833,2020,Africa
864,Swaziland,130,4.308,0.849,0.693,0.074,0.323,0.147,0.067,2021,Africa
865,Sweden,8,7.364,1.33171,1.28907,0.91087,0.6598,0.43844,0.36262,2015,Europe
866,Sweden,10,7.291,1.45181,1.08764,0.83121,0.58218,0.40867,0.38254,2016,Europe
867,Sweden,9,7.28399992,1.494387269,1.478162169,0.830875158,0.612924099,0.384398729,0.385399252,2017,Europe
868,Sweden,9,7.314,1.355,1.501,0.913,0.659,0.383,0.285,2018,Europe
869,Sweden,7,7.343,1.387,1.487,1.009,0.574,0.373,0.267,2019,Europe
870,Sweden,7,7.353499889,1.322235227,1.433347702,0.986470461,0.650297701,0.442066371,0.272827893,2020,Europe
871,Sweden,7,7.363,1.478,1.062,0.763,0.685,0.448,0.244,2021,Europe
872,Switzerland,1,7.587,1.39651,1.34951,0.94143,0.66557,0.41978,0.29678,2015,Europe
873,Switzerland,2,7.509,1.52733,1.14524,0.86303,0.58557,0.41203,0.28083,2016,Europe
874,Switzerland,4,7.493999958,1.564979553,1.516911745,0.858131289,0.620070577,0.367007285,0.290549278,2017,Europe
875,Switzerland,5,7.487,1.42,1.549,0.927,0.66,0.357,0.256,2018,Europe
876,Switzerland,6,7.48,1.452,1.526,1.052,0.572,0.343,0.263,2019,Europe
877,Switzerland,3,7.559899807,1.39077425,1.472403407,1.040533185,0.62895447,0.407945901,0.269055754,2020,Europe
878,Switzerland,3,7.571,1.566,1.079,0.816,0.653,0.413,0.204,2021,Europe
879,Taiwan,38,6.298,1.29098,1.07617,0.8753,0.3974,0.08129,0.25376,2015,Asia
880,Taiwan,34,6.379,1.39729,0.92624,0.79565,0.32377,0.0663,0.25495,2016,Asia
881,Taiwan,26,6.441,1.365,1.436,0.857,0.418,0.078,0.151,2018,Asia
882,Taiwan,25,6.446,1.368,1.43,0.914,0.351,0.097,0.242,2019,Asia
883,Tajikistan,106,4.786,0.39047,0.85563,0.57379,0.47216,0.15072,0.22974,2015,Asia
884,Tajikistan,100,4.996,0.48835,0.75602,0.53119,0.43408,0.13509,0.25998,2016,Asia
885,Tajikistan,96,5.040999889,0.524713635,1.271463275,0.529235125,0.471566707,0.146377146,0.248997644,2017,Asia
886,Tajikistan,88,5.199,0.474,1.166,0.598,0.292,0.034,0.187,2018,Asia
887,Tajikistan,74,5.467,0.493,1.098,0.718,0.389,0.144,0.23,2019,Asia
888,Tajikistan,71,5.555699825,0.474874616,1.218377709,0.680594802,0.521141171,0.221779913,0.182417125,2020,Asia
889,Tajikistan,78,5.466,0.508,0.895,0.498,0.548,0.247,0.152,2021,Asia
890,Tanzania,146,3.781,0.2852,1.00268,0.38215,0.32878,0.05747,0.34377,2015,Africa
891,Tanzania,149,3.666,0.47155,0.77623,0.357,0.3176,0.05099,0.31472,2016,Africa
892,Tanzania,153,3.348999977,0.511135876,1.041989803,0.364509284,0.390017778,0.066035107,0.354256362,2017,Africa
893,Tanzania,153,3.303,0.455,0.991,0.381,0.481,0.097,0.27,2018,Africa
894,Tanzania,153,3.231,0.476,0.885,0.499,0.417,0.147,0.276,2019,Africa
895,Tanzania,148,3.476200104,0.457163125,0.872674644,0.442677855,0.509343088,0.203880861,0.27154091,2020,Africa
896,Tanzania,142,3.623,0.433,0.54,0.3,0.549,0.231,0.307,2021,Africa
897,Thailand,34,6.455,0.9669,1.26504,0.7385,0.55664,0.03187,0.5763,2015,Asia
898,Thailand,33,6.474,1.0893,1.04477,0.64915,0.49553,0.02833,0.58696,2016,Asia
899,Thailand,32,6.423999786,1.127868772,1.425792456,0.647239029,0.580200732,0.031612735,0.57212311,2017,Asia
900,Thailand,46,6.072,1.016,1.417,0.707,0.637,0.029,0.364,2018,Asia
901,Thailand,52,6.008,1.05,1.409,0.828,0.557,0.028,0.359,2019,Asia
902,Thailand,54,5.998799801,1.007029295,1.347519517,0.793855846,0.609449804,0.031837862,0.376709014,2020,Asia
903,Thailand,54,5.985,1.107,0.957,0.596,0.611,0.028,0.375,2021,Asia
904,Togo,158,2.839,0.20868,0.13995,0.28443,0.36453,0.10731,0.16681,2015,Africa
905,Togo,155,3.303,0.28123,0.0,0.24811,0.34678,0.11587,0.17517,2016,Africa
906,Togo,150,3.494999886,0.305444717,0.43188253,0.247105569,0.380426139,0.095665015,0.196896151,2017,Africa
907,Togo,139,3.999,0.259,0.474,0.253,0.434,0.101,0.158,2018,Africa
908,Togo,139,4.085,0.275,0.572,0.41,0.293,0.085,0.177,2019,Africa
909,Togo,135,4.187200069,0.268116266,0.547622859,0.342731178,0.303539038,0.114826456,0.200774252,2020,Africa
910,Togo,136,4.107,0.254,0.239,0.203,0.289,0.107,0.209,2021,Africa
911,Trinidad and Tobago,41,6.168,1.21183,1.18354,0.61483,0.55884,0.0114,0.31844,2015,North America
912,Trinidad and Tobago,43,6.168,1.32572,0.98569,0.52608,0.48453,0.01241,0.31935,2016,North America
913,Trinidad and Tobago,38,6.168000221,1.361355901,1.380228519,0.519983292,0.518630743,0.008964816,0.325296462,2017,North America
914,Trinidad and Tobago,42,6.191899776,1.167641521,1.407326221,0.658828557,0.55293113,0.015078396,0.199358255,2020,North America
915,Tunisia,107,4.739,0.88113,0.60429,0.73793,0.26268,0.06358,0.06431,2015,Africa
916,Tunisia,98,5.045,0.97724,0.43165,0.59577,0.23553,0.0817,0.03936,2016,Africa
917,Tunisia,102,4.804999828,1.007265806,0.86835146,0.613212049,0.28968069,0.086723149,0.049693357,2017,Africa
918,Tunisia,111,4.592,0.9,0.906,0.69,0.271,0.063,0.04,2018,Africa
919,Tunisia,124,4.461,0.921,1.0,0.815,0.167,0.055,0.059,2019,Africa
920,Tunisia,128,4.392199993,0.874742687,0.872167706,0.781156719,0.235860556,0.043899573,0.055881143,2020,Africa
921,Tunisia,122,4.596,0.919,0.515,0.59,0.334,0.044,0.057,2021,Africa
922,Turkey,76,5.332,1.06098,0.94632,0.73172,0.22815,0.15746,0.12253,2015,Asia
923,Turkey,78,5.389,1.16492,0.87717,0.64718,0.23889,0.12348,0.04707,2016,Asia
924,Turkey,69,5.5,1.198274374,1.337753177,0.637605608,0.3007406,0.09967158,0.046693042,2017,Asia
925,Turkey,74,5.483,1.148,1.38,0.686,0.324,0.109,0.106,2018,Asia
926,Turkey,79,5.373,1.183,1.36,0.808,0.195,0.106,0.083,2019,Asia
927,Turkey,93,5.131800175,1.127169251,1.197159171,0.781335294,0.25440076,0.120983243,0.085885569,2020,Asia
928,Turkey,104,4.948,1.26,0.809,0.59,0.236,0.104,0.097,2021,Asia
929,Turkmenistan,70,5.548,0.95847,1.22668,0.53886,0.4761,0.30844,0.16979,2015,Asia
930,Turkmenistan,65,5.658,1.08017,1.03817,0.44006,0.37408,0.28467,0.22567,2016,Asia
931,Turkmenistan,59,5.822000027,1.130776763,1.493149161,0.43772608,0.418271929,0.25927034,0.249924988,2017,Asia
932,Turkmenistan,68,5.636,1.016,1.533,0.517,0.417,0.037,0.199,2018,Asia
933,Turkmenistan,87,5.247,1.052,1.538,0.657,0.394,0.028,0.244,2019,Asia
934,Turkmenistan,95,5.119100094,1.008963585,1.510476947,0.612448037,0.515236676,0.03350389,0.323129326,2020,Asia
935,Turkmenistan,97,5.066,1.046,1.172,0.439,0.602,0.033,0.366,2021,Asia
936,Uganda,141,3.931,0.21102,1.13299,0.33861,0.45727,0.07267,0.29066,2015,Africa
937,Uganda,145,3.739,0.34719,0.90981,0.19625,0.43653,0.06442,0.27102,2016,Africa
938,Uganda,133,4.080999851,0.381430715,1.129827738,0.217632607,0.443185955,0.057069719,0.325766057,2017,Africa
939,Uganda,135,4.161,0.322,1.09,0.237,0.45,0.061,0.259,2018,Africa
940,Uganda,136,4.189,0.332,1.069,0.443,0.356,0.06,0.252,2019,Africa
941,Uganda,126,4.43200016,0.312337428,1.052327394,0.378311664,0.401682556,0.063818842,0.264807373,2020,Africa
942,Uganda,119,4.636,0.364,0.718,0.24,0.398,0.054,0.267,2021,Africa
943,Ukraine,111,4.681,0.79907,1.20278,0.6739,0.25123,0.02961,0.15275,2015,Europe
944,Ukraine,123,4.324,0.87287,1.01413,0.58628,0.12859,0.01829,0.20363,2016,Europe
945,Ukraine,132,4.096000195,0.894651949,1.394537568,0.575903952,0.122974776,0.023029471,0.270061463,2017,Europe
946,Ukraine,138,4.103,0.793,1.413,0.609,0.163,0.011,0.187,2018,Europe
947,Ukraine,133,4.332,0.82,1.39,0.739,0.178,0.01,0.187,2019,Europe
948,Ukraine,123,4.56069994,0.780434608,1.321316481,0.698674381,0.319423705,0.00965116,0.178551316,2020,Europe
949,Ukraine,110,4.875,0.979,0.958,0.517,0.417,0.01,0.181,2021,Europe
950,United Arab Emirates,20,6.901,1.42727,1.12575,0.80925,0.64157,0.38583,0.26428,2015,Asia
951,United Arab Emirates,28,6.573,1.57352,0.87114,0.72993,0.56215,0.35561,0.26591,2016,Asia
952,United Arab Emirates,21,6.647999763,1.626343369,1.266410232,0.726798236,0.60834527,0.324489564,0.360941947,2017,Asia
953,United Arab Emirates,21,6.825,1.503,1.31,0.825,0.598,0.182,0.262,2019,Asia
954,United Arab Emirates,21,6.790800095,1.431086421,1.251170993,0.787814438,0.652936101,0.220213518,0.28065598,2020,Asia
955,United Arab Emirates,25,6.561,1.555,0.86,0.594,0.67,0.223,0.236,2021,Asia
956,United Kingdom,21,6.867,1.26637,1.28548,0.90943,0.59625,0.32067,0.51912,2015,Europe
957,United Kingdom,23,6.725,1.40283,1.08672,0.80991,0.50036,0.27399,0.50156,2016,Europe
958,United Kingdom,19,6.714000225,1.44163394,1.49646008,0.805335939,0.508190036,0.265428066,0.492774159,2017,Europe
959,United Kingdom,11,7.19,1.244,1.433,0.888,0.464,0.082,0.262,2018,Europe
960,United Kingdom,15,7.054,1.333,1.538,0.996,0.45,0.278,0.348,2019,Europe
961,United Kingdom,13,7.164500237,1.273061037,1.457844973,0.97570008,0.525168657,0.322601646,0.373433441,2020,Europe
962,United Kingdom,17,7.064,1.423,1.062,0.757,0.58,0.306,0.34,2021,Europe
963,United States,15,7.119,1.39451,1.24711,0.86179,0.54604,0.1589,0.40105,2015,North America
964,United States,13,7.104,1.50796,1.04782,0.779,0.48163,0.14868,0.41077,2016,North America
965,United States,14,6.993000031,1.546259284,1.419920564,0.774286628,0.505740523,0.135638788,0.392578781,2017,North America
966,United States,18,6.886,1.398,1.471,0.819,0.547,0.133,0.291,2018,North America
967,United States,19,6.892,1.433,1.457,0.874,0.454,0.128,0.28,2019,North America
968,United States,18,6.939599991,1.37398684,1.404786706,0.831618011,0.534608245,0.152284741,0.298143059,2020,North America
969,United States,19,6.951,1.533,1.03,0.621,0.554,0.154,0.252,2021,North America
970,Uruguay,32,6.485,1.06166,1.2089,0.8116,0.60362,0.24558,0.2324,2015,South America
971,Uruguay,29,6.545,1.18157,1.03143,0.72183,0.54388,0.21394,0.18056,2016,South America
972,Uruguay,28,6.453999996,1.217559695,1.412227869,0.719216824,0.579392254,0.178061873,0.175096929,2017,South America
973,Uruguay,31,6.379,1.093,1.459,0.771,0.625,0.155,0.13,2018,South America
974,Uruguay,33,6.293,1.124,1.465,0.891,0.523,0.15,0.127,2019,South America
975,Uruguay,26,6.440100193,1.071000457,1.425081134,0.856928885,0.59426707,0.193425074,0.132143691,2020,South America
976,Uruguay,31,6.431,1.164,1.042,0.649,0.625,0.223,0.128,2021,South America
977,Uzbekistan,44,6.003,0.63244,1.34043,0.59772,0.65821,0.30826,0.22837,2015,Asia
978,Uzbekistan,49,5.987,0.73591,1.1681,0.50163,0.60848,0.28333,0.34326,2016,Asia
979,Uzbekistan,47,5.971000195,0.786441088,1.54896915,0.498272628,0.658248663,0.246528223,0.415983647,2017,Asia
980,Uzbekistan,44,6.096,0.719,1.584,0.605,0.724,0.259,0.328,2018,Asia
981,Uzbekistan,41,6.174,0.745,1.529,0.756,0.631,0.24,0.322,2019,Asia
982,Uzbekistan,38,6.257599831,0.696652949,1.434020042,0.716703713,0.693270326,0.280260265,0.363311023,2020,Asia
983,Uzbekistan,42,6.179,0.769,1.027,0.528,0.716,0.271,0.391,2021,Asia
984,Venezuela,23,6.81,1.04424,1.25596,0.72052,0.42908,0.11069,0.05841,2015,South America
985,Venezuela,44,6.084,1.13367,1.03302,0.61904,0.19847,0.08304,0.0425,2016,South America
986,Venezuela,82,5.25,1.128431201,1.431337595,0.617144227,0.153997123,0.064491123,0.06501963,2017,South America
987,Venezuela,102,4.806,0.996,1.469,0.657,0.133,0.052,0.056,2018,South America
988,Venezuela,108,4.707,0.96,1.427,0.805,0.154,0.047,0.064,2019,South America
989,Venezuela,99,5.053199768,0.770238638,1.348546863,0.76702553,0.271717221,0.063624777,0.087179154,2020,South America
990,Venezuela,107,4.892,0.852,0.897,0.574,0.284,0.072,0.078,2021,South America
991,Venezuela,23,6.81,1.04424,1.25596,0.72052,0.42908,0.11069,0.05841,2015,South America
992,Venezuela,44,6.084,1.13367,1.03302,0.61904,0.19847,0.08304,0.0425,2016,South America
993,Venezuela,82,5.25,1.128431201,1.431337595,0.617144227,0.153997123,0.064491123,0.06501963,2017,South America
994,Venezuela,102,4.806,0.996,1.469,0.657,0.133,0.052,0.056,2018,South America
995,Venezuela,108,4.707,0.96,1.427,0.805,0.154,0.047,0.064,2019,South America
996,Venezuela,99,5.053199768,0.770238638,1.348546863,0.76702553,0.271717221,0.063624777,0.087179154,2020,South America
997,Venezuela,107,4.892,0.852,0.897,0.574,0.284,0.072,0.078,2021,South America
998,Vietnam,75,5.36,0.63216,0.91226,0.74676,0.59444,0.10441,0.1686,2015,Asia
999,Vietnam,96,5.061,0.74037,0.79117,0.66157,0.55954,0.11556,0.25075,2016,Asia
1000,Vietnam,94,5.073999882,0.788547575,1.277491331,0.652168989,0.571055591,0.087633237,0.234968051,2017,Asia
1001,Vietnam,95,5.103,0.715,1.365,0.702,0.618,0.079,0.177,2018,Asia
1002,Vietnam,94,5.175,0.741,1.346,0.851,0.543,0.073,0.147,2019,Asia
1003,Vietnam,83,5.353499889,0.718092382,1.253074765,0.819133997,0.650835574,0.089848459,0.136488721,2020,Asia
1004,Vietnam,79,5.411,0.817,0.873,0.616,0.679,0.091,0.124,2021,Asia
1005,Yemen,136,4.077,0.54649,0.68093,0.40064,0.35571,0.07854,0.09131,2015,Asia
1006,Yemen,147,3.724,0.57939,0.47493,0.31048,0.2287,0.05892,0.09821,2016,Asia
1007,Yemen,146,3.592999935,0.591683447,0.935382247,0.310080916,0.249463722,0.056767423,0.104125209,2017,Asia
1008,Yemen,152,3.355,0.442,1.073,0.343,0.244,0.064,0.083,2018,Asia
1009,Yemen,151,3.38,0.287,1.163,0.463,0.143,0.077,0.108,2019,Asia
1010,Yemen,146,3.527400017,0.392701775,1.177477121,0.41500017,0.243721485,0.087352127,0.094689012,2020,Asia
1011,Yemen,141,3.658,0.329,0.831,0.272,0.268,0.089,0.092,2021,Asia
1012,Zambia,85,5.129,0.47038,0.91612,0.29924,0.48827,0.12468,0.19591,2015,Africa
1013,Zambia,106,4.795,0.61202,0.6376,0.23573,0.42662,0.11479,0.17866,2016,Africa
1014,Zambia,116,4.513999939,0.636406779,1.003187299,0.257835895,0.461603492,0.07821355,0.249580145,2017,Africa
1015,Zambia,125,4.377,0.562,1.047,0.295,0.503,0.082,0.221,2018,Africa
1016,Zambia,138,4.107,0.578,1.058,0.426,0.431,0.087,0.247,2019,Africa
1017,Zambia,141,3.759399891,0.536833763,0.896037281,0.36359334,0.49131754,0.086705238,0.250620902,2020,Africa
1018,Zambia,137,4.073,0.528,0.552,0.231,0.487,0.074,0.227,2021,Africa
1019,Zimbabwe,115,4.61,0.271,1.03276,0.33475,0.25861,0.08079,0.18987,2015,Africa
1020,Zimbabwe,131,4.193,0.35041,0.71478,0.1595,0.25429,0.08582,0.18503,2016,Africa
1021,Zimbabwe,138,3.875,0.375846535,1.083095908,0.196763754,0.336384207,0.095375381,0.189143494,2017,Africa
1022,Zimbabwe,144,3.692,0.357,1.094,0.248,0.406,0.099,0.132,2018,Africa
1023,Zimbabwe,146,3.663,0.366,1.114,0.433,0.361,0.089,0.151,2019,Africa
1024,Zimbabwe,151,3.299200058,0.425564021,1.047835231,0.375037611,0.37740472,0.080928579,0.151349187,2020,Africa
1025,Zimbabwe,148,3.145,0.457,0.649,0.243,0.359,0.075,0.157,2021,Africa
